name,categoryName,website,phone,address,Suburb,state,countryCode,postalCode,location/lat,location/lng,rank,totalScore,reviewsCount,reviewsDistribution/fiveStar,reviewsDistribution/fourStar,reviewsDistribution/oneStar,reviewsDistribution/threeStar,reviewsDistribution/twoStar,categories/0,categories/1,categories/2,categories/3,categories/4,categories/5,categories/6,categories/7,categories/8,cid,isAdvertisement,locatedIn,menu,neighborhood,permanentlyClosed,placeId,plusCode,price,scrapedAt,searchPageUrl,searchString,street,subTitle,temporarilyClosed,url
Crown Towers Melbourne,Hotel,https://www.crownhotels.com.au/crown-towers-melbourne,+61 3 9292 8888,"8 Whiteman St, Southbank VIC 3006, Australia",Southbank,Victoria,AU,3006,-37.8223795,144.9600171,103,4.4,6805,4258,1809,182,458,98,Hotel,,,,,,,,,4.28E+18,FALSE,Floor G · Crown Melbourne,,8 Whiteman St,FALSE,ChIJiUWj1VJd1moRnauuyUO9XDs,"5XH6+22 Southbank, Victoria, Australia",$$$$,8/10/2022 2:00,"https://www.google.com/maps/search/hotels+near+CBD,+Melbourne+VIC/@-37.8144982,144.9433911,14z/data=!4m5!2m4!5m2!5m1!1s2023-03-01!6e3?hl=en",,8 Whiteman St,,FALSE,"https://www.google.com/maps/place/Crown+Towers+Melbourne/@-37.8223795,144.9600171,17z/data=!3m1!4b1!4m9!3m8!1s0x6ad65d52d5a34589:0x3b5cbd43c9aeab9d!5m3!1s2023-03-01!4m1!1i2!8m2!3d-37.8223795!4d144.9600171?hl=en"
Grand Hyatt Melbourne,Hotel,https://www.hyatt.com/en-US/hotel/australia/grand-hyatt-melbourne/melbo?src=corp_lclb_gmb_seo_melbo,+61 3 9657 1234,"123 Collins St, Melbourne VIC 3000, Australia",Melbourne,Victoria,AU,3000,-37.8152075,144.9698275,60,4.5,3813,2482,915,120,229,67,Hotel,,,,,,,,,6.02E+18,FALSE,,,123 Collins St,FALSE,ChIJYSmyK8hC1moReCu7N75RjlM,"5XM9+WW Melbourne, Victoria, Australia",$$$$,8/10/2022 2:47,"https://www.google.com/maps/search/hotels+near+Southbank+VIC/@-37.8104413,144.9612234,14z/data=!4m5!2m4!5m2!5m1!1s2023-03-01!6e3?hl=en",,123 Collins St,,FALSE,"https://www.google.com/maps/place/Grand+Hyatt+Melbourne/@-37.8152075,144.9698275,17z/data=!3m1!4b1!4m8!3m7!1s0x6ad642c82bb22961:0x538e51be37bb2b78!5m2!4m1!1i2!8m2!3d-37.8152075!4d144.9698275?hl=en"
Sofitel Melbourne on Collins,Hotel,https://all.accor.com/hotel/1902/index.en.shtml?utm_campaign=seo+maps&utm_medium=seo+maps&utm_source=google+Maps&y_source=1_MTUzNTkxNjgtNzE1LWxvY2F0aW9uLndlYnNpdGU%3D,+61 3 9653 0000,"25 Collins St, Melbourne VIC 3000, Australia",Melbourne,Victoria,AU,3000,-37.8139965,144.9728921,21,4.5,3196,2099,814,51,180,52,Hotel,,,,,,,,,1.60E+19,FALSE,Collins Place,,25 Collins St,FALSE,ChIJAwLSzMdC1moRLo-qConKZd4,"5XPF+C5 Melbourne, Victoria, Australia",$$$,8/10/2022 3:02,"https://www.google.com/maps/search/hotels+near+East+Melbourne+VIC/@-37.8108637,144.9612234,14z/data=!4m5!2m4!5m2!5m1!1s2023-03-01!6e3?hl=en",,25 Collins St,,FALSE,"https://www.google.com/maps/place/Sofitel+Melbourne+on+Collins/@-37.8139965,144.9728921,17z/data=!3m1!4b1!4m8!3m7!1s0x6ad642c7ccd20203:0xde65ca890aaa8f2e!5m2!4m1!1i2!8m2!3d-37.8139965!4d144.9728921?hl=en"
Crown Metropol Melbourne,Hotel,https://www.crownhotels.com.au/crown-metropol-melbourne,+61 3 9292 6211,"8 Whiteman St, Southbank VIC 3006, Australia",Southbank,Victoria,AU,3006,-37.825839,144.9576637,96,4.3,2297,1400,579,110,145,63,Hotel,,,,,,,,,2.93E+18,FALSE,Floor G · Crown Melbourne,,8 Whiteman St,FALSE,ChIJs-Q2IlNd1moRGz76n97nmCg,"5XF5+M3 Southbank, Victoria, Australia",,8/10/2022 2:01,"https://www.google.com/maps/search/hotels+near+CBD,+Melbourne+VIC/@-37.8144982,144.9433911,14z/data=!4m5!2m4!5m2!5m1!1s2023-03-01!6e3?hl=en",,8 Whiteman St,,FALSE,"https://www.google.com/maps/place/Crown+Metropol+Melbourne/@-37.825839,144.9576637,17z/data=!3m1!4b1!4m9!3m8!1s0x6ad65d532236e4b3:0x2898e7de9ffa3e1b!5m3!1s2023-03-01!4m1!1i2!8m2!3d-37.825839!4d144.9576637?hl=en"
The Victoria Hotel,Hotel,https://www.independentcollection.com.au/accommodation/melbourne-vic/the-victoria-hotel/?utm_source=google&utm_medium=organic&utm_campaign=gmb,+61 3 9669 0000,"215 Little Collins St, Melbourne VIC 3000, Australia",Melbourne,Victoria,AU,3000,-37.8142903,144.9671311,55,4.1,2109,866,795,67,309,72,Hotel,,,,,,,,,8.22E+18,FALSE,,,215 Little Collins St,FALSE,ChIJ62M5mrRC1moR6NLAe6ezBHI,"5XP8+7V Melbourne, Victoria, Australia",,8/10/2022 2:47,"https://www.google.com/maps/search/hotels+near+Southbank+VIC/@-37.8104413,144.9612234,14z/data=!4m5!2m4!5m2!5m1!1s2023-03-01!6e3?hl=en",,215 Little Collins St,,FALSE,"https://www.google.com/maps/place/The+Victoria+Hotel/@-37.8142903,144.9671311,17z/data=!3m1!4b1!4m8!3m7!1s0x6ad642b49a3963eb:0x7204b3a77bc0d2e8!5m2!4m1!1i2!8m2!3d-37.8142903!4d144.9671311?hl=en"
Pullman Melbourne On the Park,Hotel,https://all.accor.com/hotel/9875/index.en.shtml?utm_campaign=seo+maps&utm_medium=seo+maps&utm_source=google+Maps&y_source=1_MTUzNTkyMjYtNzE1LWxvY2F0aW9uLndlYnNpdGU%3D,+61 3 9419 2000,"192 Wellington Parade, East Melbourne VIC 3002, Australia",East Melbourne,Victoria,AU,3002,-37.8157469,144.9832559,71,4.1,2056,944,692,71,236,113,Hotel,,,,,,,,,1.42E+19,FALSE,,,192 Wellington Parade,FALSE,ChIJnUqrC-pC1moR1m8YHIWduMQ,"5XMM+P8 East Melbourne, Victoria, Australia",$,8/10/2022 2:45,"https://www.google.com/maps/search/hotels+near+Southbank+VIC/@-37.8104413,144.9612234,14z/data=!4m5!2m4!5m2!5m1!1s2023-03-01!6e3?hl=en",,192 Wellington Parade,,FALSE,"https://www.google.com/maps/place/Pullman+Melbourne+On+the+Park/@-37.8157469,144.9832559,17z/data=!3m1!4b1!4m9!3m8!1s0x6ad642ea0bab4a9d:0xc4b89d851c186fd6!5m3!1s2023-03-01!4m1!1i2!8m2!3d-37.8157469!4d144.9832559?hl=en"
Park Hyatt Melbourne,Hotel,https://www.hyatt.com/en-US/hotel/australia/park-hyatt-melbourne/melph?src=corp_lclb_gmb_seo_melph,+61 3 9224 1234,"1 Parliament Square, Melbourne VIC 3002, Australia",Melbourne,Victoria,AU,3002,-37.811422,144.9763604,10,4.6,1982,1423,400,32,102,25,Hotel,,,,,,,,,9.18E+18,FALSE,,,1 Parliament Square,FALSE,ChIJN92GPsRC1moRORPubhGOXn8,"5XQG+CG Melbourne, Victoria, Australia",$$,8/10/2022 3:03,"https://www.google.com/maps/search/hotels+near+East+Melbourne+VIC/@-37.8108637,144.9612234,14z/data=!4m4!2m3!5m2!5m1!1s2023-03-01?hl=en",,1 Parliament Square,,FALSE,"https://www.google.com/maps/place/Park+Hyatt+Melbourne/@-37.811422,144.9763604,17z/data=!3m1!4b1!4m8!3m7!1s0x6ad642c43e86dd37:0x7f5e8e116eee1339!5m2!4m1!1i2!8m2!3d-37.811422!4d144.9763604?hl=en"
"The Langham, Melbourne",Hotel,http://www.langhamhotels.com/en/the-langham/melbourne/?htl=tlmel&src=organic&eng=google&size=na&cid=yext_profile&y_source=1_MTAwNjI1OTEtNzE1LWxvY2F0aW9uLndlYnNpdGU%3D,+61 3 8696 8888,"1 Southgate Ave, Southbank VIC 3006, Australia",Southbank,Victoria,AU,3006,-37.8206734,144.9656738,11,4.4,1979,1304,435,70,125,45,Hotel,,,,,,,,,4.39E+18,FALSE,Southgate,,1 Southgate Ave,FALSE,ChIJQ8ty17NC1moRVPjumQ0x3zw,"5XH8+P7 Southbank, Victoria, Australia",$$$,8/10/2022 2:51,"https://www.google.com/maps/search/hotels+near+Southbank+VIC/@-37.8104413,144.9612234,14z/data=!4m4!2m3!5m2!5m1!1s2023-03-01?hl=en",,1 Southgate Ave,,FALSE,"https://www.google.com/maps/place/The+Langham,+Melbourne/@-37.8206734,144.9656738,17z/data=!3m1!4b1!4m8!3m7!1s0x6ad642b3d772cb43:0x3cdf310d99eef854!5m2!4m1!1i2!8m2!3d-37.8206734!4d144.9656738?hl=en"
The Hotel Windsor,Hotel,http://www.thehotelwindsor.com.au/,+61 3 9633 6000,"111 Spring St, Melbourne VIC 3000, Australia",Melbourne,Victoria,AU,3000,-37.812125,144.9729651,77,4.3,1839,1092,448,82,173,44,Hotel,,,,,,,,,1.20E+19,FALSE,,,111 Spring St,FALSE,ChIJc2kjEsZC1moRq3kZOyErJqY,"5XQF+45 Melbourne, Victoria, Australia",$$,8/10/2022 2:46,"https://www.google.com/maps/search/hotels+near+Parkville+VIC/@-37.8105821,144.9612234,14z/data=!4m5!2m4!5m2!5m1!1s2023-03-01!6e3?hl=en",,111 Spring St,,FALSE,"https://www.google.com/maps/place/The+Hotel+Windsor/@-37.812125,144.9729651,17z/data=!3m1!4b1!4m8!3m7!1s0x6ad642c612236973:0xa6262b213b1979ab!5m2!4m1!1i2!8m2!3d-37.812125!4d144.9729651?hl=en"
Crown Promenade Melbourne,Hotel,https://www.crownhotels.com.au/crown-promenade-melbourne,+61 3 9292 8888,"8 Whiteman St, Southbank VIC 3006, Australia",Southbank,Victoria,AU,3006,-37.8238395,144.9599367,99,4.4,1829,1082,557,55,100,35,Hotel,,,,,,,,,1.48E+18,FALSE,Floor G · Crown Melbourne,,8 Whiteman St,FALSE,ChIJs-Q2IlNd1moRB8j2FaFBgBQ,"5XG5+FX Southbank, Victoria, Australia",,8/10/2022 2:00,"https://www.google.com/maps/search/hotels+near+CBD,+Melbourne+VIC/@-37.8144982,144.9433911,14z/data=!4m5!2m4!5m2!5m1!1s2023-03-01!6e3?hl=en",,8 Whiteman St,,FALSE,"https://www.google.com/maps/place/Crown+Promenade+Melbourne/@-37.8238395,144.9599367,17z/data=!3m1!4b1!4m9!3m8!1s0x6ad65d532236e4b3:0x148041a115f6c807!5m3!1s2023-03-01!4m1!1i2!8m2!3d-37.8238395!4d144.9599367?hl=en"
Novotel Melbourne on Collins,Hotel,https://all.accor.com/hotel/1587/index.en.shtml?utm_campaign=seo+maps&utm_medium=seo+maps&utm_source=google+Maps&y_source=1_MTUzNTgzNDktNzE1LWxvY2F0aW9uLndlYnNpdGU%3D,+61 3 9667 5800,"270 Collins St, Melbourne VIC 3000, Australia",Melbourne,Victoria,AU,3000,-37.8157663,144.9648408,20,4.2,1806,866,618,66,182,74,Hotel,,,,,,,,,1.42E+19,FALSE,,,270 Collins St,FALSE,ChIJvV3BTrRC1moRdkk9WaX7b8Q,"5XM7+MW Melbourne, Victoria, Australia",,8/10/2022 2:42,"https://www.google.com/maps/search/hotels+near+Southbank+VIC/@-37.8104413,144.9612234,14z/data=!4m4!2m3!5m2!5m1!1s2023-03-01?hl=en",,270 Collins St,,FALSE,"https://www.google.com/maps/place/Novotel+Melbourne+on+Collins/@-37.8157663,144.9648408,17z/data=!3m1!4b1!4m9!3m8!1s0x6ad642b44ec15dbd:0xc46ffba5593d4976!5m3!1s2023-03-01!4m1!1i2!8m2!3d-37.8157663!4d144.9648408?hl=en"
Atlantis Hotel,Hotel,http://www.atlantishotel.com.au/,+61 3 9600 2900,"300 Spencer St, Melbourne VIC 3000, Australia",Melbourne,Victoria,AU,3000,-37.8136041,144.9518625,8,4,1774,673,669,109,235,88,Hotel,,,,,,,,,1.42E+19,FALSE,,,300 Spencer St,FALSE,ChIJl3kMNE9d1moRgFaMekXmecU,"5XP2+HP Melbourne, Victoria, Australia",,8/10/2022 2:12,"https://www.google.com/maps/search/hotels+near+CBD,+Melbourne+VIC/@-37.8144982,144.9433911,14z/data=!4m4!2m3!5m2!5m1!1s2023-03-01?hl=en",,300 Spencer St,,FALSE,"https://www.google.com/maps/place/Atlantis+Hotel/@-37.8136041,144.9518625,17z/data=!3m1!4b1!4m8!3m7!1s0x6ad65d4f340c7997:0xc579e6457a8c5680!5m2!4m1!1i2!8m2!3d-37.8136041!4d144.9518625?hl=en"
"Crowne Plaza Melbourne, an IHG Hotel",Hotel,https://www.ihg.com/crowneplaza/hotels/us/en/melbourne/melfs/hoteldetail?cm_mmc=GoogleMaps-_-CP-_-AU-_-MELFS,+61 3 9648 2777,"1/5 Spencer St, Melbourne VIC 3008, Australia",Melbourne,Victoria,AU,3008,-37.8228021,144.954803,30,4.2,1706,835,528,88,201,54,Hotel,Conference center,Wedding venue,,,,,,,1.46E+19,FALSE,,,1/5 Spencer St,FALSE,ChIJYyijY1Fd1moRgkYEMqbUdMo,"5XG3+VW Melbourne, Victoria, Australia",,8/10/2022 2:50,"https://www.google.com/maps/search/hotels+near+Port+Melbourne+VIC/@-37.8105117,144.9612234,14z/data=!4m5!2m4!5m2!5m1!1s2023-03-01!6e3?hl=en",,1/5 Spencer St,,FALSE,"https://www.google.com/maps/place/Crowne+Plaza+Melbourne,+an+IHG+Hotel/@-37.8228021,144.954803,17z/data=!3m1!4b1!4m8!3m7!1s0x6ad65d5163a32863:0xca74d4a632044682!5m2!4m1!1i2!8m2!3d-37.8228021!4d144.954803?hl=en"
Travelodge Hotel Melbourne Docklands,Hotel,https://www.travelodge.com.au/book-accommodation/melbourne/hotel-melbourne-docklands/?&utm_source=googleplaces&utm_medium=organic&utm_campaign=&utm_content=travelodge-melbourne-docklands,+61 3 8615 1000,"66 Aurora Ln, Docklands VIC 3008, Australia",Docklands,Victoria,AU,3008,-37.8189969,144.9503634,20,4,1680,625,647,75,259,74,Hotel,,,,,,,,,6.95E+17,FALSE,,,66 Aurora Ln,FALSE,ChIJfSu6n1pd1moRDCMv6dX8pAk,"5XJ2+C4 Docklands, Victoria, Australia",,8/10/2022 2:52,"https://www.google.com/maps/search/hotels+near+Port+Melbourne+VIC/@-37.8105117,144.9612234,14z/data=!4m4!2m3!5m2!5m1!1s2023-03-01?hl=en",,66 Aurora Ln,,FALSE,"https://www.google.com/maps/place/Travelodge+Hotel+Melbourne+Docklands/@-37.8189969,144.9503634,17z/data=!3m1!4b1!4m8!3m7!1s0x6ad65d5a9fba2b7d:0x9a4fcd5e92f230c!5m2!4m1!1i2!8m2!3d-37.8189969!4d144.9503634?hl=en"
Rendezvous Hotel Melbourne,Hotel,https://rendezvousmelbourne.com.au/?utm_source=googleplaces&utm_medium=organic&utm_campaign=googleplaces&utm_content=rendezvous-melbourne,+61 3 9250 1888,"328 Flinders St, Melbourne VIC 3000, Australia",Melbourne,Victoria,AU,3000,-37.8183324,144.9635426,45,4,1677,683,596,70,262,66,Hotel,Event venue,Restaurant,Wedding venue,,,,,,1.56E+19,FALSE,,,328 Flinders St,FALSE,ChIJj9l7c7NC1moRts0rcsFU3dc,"5XJ7+MC Melbourne, Victoria, Australia",,8/10/2022 2:47,"https://www.google.com/maps/search/hotels+near+Southbank+VIC/@-37.8104413,144.9612234,14z/data=!4m5!2m4!5m2!5m1!1s2023-03-01!6e3?hl=en",,328 Flinders St,,FALSE,"https://www.google.com/maps/place/Rendezvous+Hotel+Melbourne/@-37.8183324,144.9635426,17z/data=!3m1!4b1!4m8!3m7!1s0x6ad642b3737bd98f:0xd7dd54c1722bcdb6!5m2!4m1!1i2!8m2!3d-37.8183324!4d144.9635426?hl=en"
ibis Melbourne Hotel & Apartments,Hotel,https://all.accor.com/hotel/1564/index.en.shtml?utm_campaign=seo+maps&utm_medium=seo+maps&utm_source=google+Maps&y_source=1_MTUzNTg0NTUtNzE1LWxvY2F0aW9uLndlYnNpdGU%3D,+61 3 9666 0000,"15-21 Therry St, Melbourne VIC 3000, Australia",Melbourne,Victoria,AU,3000,-37.8069565,144.9613627,23,4.1,1400,559,529,55,219,38,Hotel,,,,,,,,,2.53E+18,FALSE,,,15-21 Therry St,FALSE,ChIJiaMVrcxC1moRvEVeeAq_JSM,"5XV6+6G Melbourne, Victoria, Australia",,8/10/2022 2:51,"https://www.google.com/maps/search/hotels+near+Parkville+VIC/@-37.8105821,144.9612234,14z/data=!4m5!2m4!5m2!5m1!1s2023-03-01!6e3?hl=en",,15-21 Therry St,,FALSE,"https://www.google.com/maps/place/ibis+Melbourne+Hotel+%26+Apartments/@-37.8069565,144.9613627,17z/data=!3m1!4b1!4m8!3m7!1s0x6ad642ccad15a389:0x2325bf0a785e45bc!5m2!4m1!1i2!8m2!3d-37.8069565!4d144.9613627?hl=en"
"InterContinental Melbourne, an IHG Hotel",Hotel,https://www.ihg.com/intercontinental/hotels/us/en//melbourne/melha/hoteldetail,+61 3 8627 1400,"495 Collins St, Melbourne VIC 3000, Australia",Melbourne,Victoria,AU,3000,-37.8181299,144.9579617,67,4.4,1356,818,399,36,78,25,Hotel,Conference center,Wedding venue,,,,,,,8.10E+18,FALSE,,,495 Collins St,FALSE,ChIJq4e4sU1d1moRmTYm28wHYnA,"5XJ5+P5 Melbourne, Victoria, Australia",$$$$,8/10/2022 2:46,"https://www.google.com/maps/search/hotels+near+Southbank+VIC/@-37.8104413,144.9612234,14z/data=!4m5!2m4!5m2!5m1!1s2023-03-01!6e3?hl=en",,495 Collins St,,FALSE,"https://www.google.com/maps/place/InterContinental+Melbourne,+an+IHG+Hotel/@-37.8181299,144.9579617,17z/data=!3m1!4b1!4m9!3m8!1s0x6ad65d4db1b887ab:0x706207ccdb263699!5m3!1s2023-03-01!4m1!1i2!8m2!3d-37.8181299!4d144.9579617?hl=en"
Oaks Melbourne on Market Hotel,Hotel,https://www.oakshotels.com/en/oaks-on-market?utm_description=GoogleMyBusiness&utm_campaign=GMBMarket&utm_source=GoogleMyBusiness&utm_medium=GMBMarket,+61 1300 790 687,"60 Market St, Melbourne VIC 3000, Australia",Melbourne,Victoria,AU,3000,-37.8177472,144.9607539,50,4.1,1329,588,482,59,160,40,Hotel,Serviced accommodation,,,,,,,,7.80E+18,FALSE,,,60 Market St,FALSE,ChIJX0KgyExd1moRabD2oM7gO2w,"5XJ6+W8 Melbourne, Victoria, Australia",,8/10/2022 2:47,"https://www.google.com/maps/search/hotels+near+Southbank+VIC/@-37.8104413,144.9612234,14z/data=!4m5!2m4!5m2!5m1!1s2023-03-01!6e3?hl=en",,60 Market St,,FALSE,"https://www.google.com/maps/place/Oaks+Melbourne+on+Market+Hotel/@-37.8177472,144.9607539,17z/data=!3m1!4b1!4m8!3m7!1s0x6ad65d4cc8a0425f:0x6c3be0cea0f6b069!5m2!4m1!1i2!8m2!3d-37.8177472!4d144.9607539?hl=en"
QT Melbourne,Hotel,https://www.qthotels.com/melbourne/?utm_source=google&utm_medium=organic&utm_campaign=gmb,+61 3 8636 8800,"133 Russell St, Melbourne VIC 3000, Australia",Melbourne,Victoria,AU,3000,-37.8133583,144.9680749,95,4.5,1300,935,228,57,54,26,Hotel,Bar,Motel,Restaurant,,,,,,1.35E+19,FALSE,,,133 Russell St,FALSE,ChIJMSsO6clC1moRs-oGzpxp97o,"5XP9+M6 Melbourne, Victoria, Australia",$$$$$,8/10/2022 2:44,"https://www.google.com/maps/search/hotels+near+Southbank+VIC/@-37.8104413,144.9612234,14z/data=!4m5!2m4!5m2!5m1!1s2023-03-01!6e3?hl=en",,133 Russell St,,FALSE,"https://www.google.com/maps/place/QT+Melbourne/@-37.8133583,144.9680749,17z/data=!3m1!4b1!4m9!3m8!1s0x6ad642c9e90e2b31:0xbaf7699cce06eab3!5m3!1s2023-03-01!4m1!1i2!8m2!3d-37.8133583!4d144.9680749?hl=en"
The Westin Melbourne,Hotel,https://www.marriott.com/en-us/hotels/melwi-the-westin-melbourne/overview/?scid=f2ae0541-1279-4f24-b197-a979c79310b0,+61 3 9635 2222,"205 Collins St, Melbourne VIC 3000, Australia",Melbourne,Victoria,AU,3000,-37.8155068,144.967508,110,4.5,1299,850,322,36,78,13,Hotel,Meeting planning service,Wedding venue,,,,,,,1.64E+19,FALSE,,,205 Collins St,FALSE,ChIJKacPcrZC1moR3xKhX4R-QuQ,"5XM9+Q2 Melbourne, Victoria, Australia",$$$,8/10/2022 1:59,"https://www.google.com/maps/search/hotels+near+CBD,+Melbourne+VIC/@-37.8144982,144.9433911,14z/data=!4m5!2m4!5m2!5m1!1s2023-03-01!6e3?hl=en",,205 Collins St,,FALSE,"https://www.google.com/maps/place/The+Westin+Melbourne/@-37.8155068,144.967508,17z/data=!3m1!4b1!4m9!3m8!1s0x6ad642b6720fa729:0xe4427e845fa112df!5m3!1s2023-03-01!4m1!1i2!8m2!3d-37.8155068!4d144.967508?hl=en"
Stamford Plaza Melbourne,Hotel,https://www.stamford.com.au/spm,+61 3 9659 1000,"111 Little Collins St, Melbourne VIC 3000, Australia",Melbourne,Victoria,AU,3000,-37.8135163,144.9699388,57,4,1285,558,414,88,151,74,Hotel,Bar,Breakfast restaurant,Conference center,Restaurant,Wedding venue,,,,1.76E+19,FALSE,,,111 Little Collins St,FALSE,ChIJc-7BSMhC1moRJadN_SH7-PM,"5XP9+HX Melbourne, Victoria, Australia",$$,8/10/2022 2:47,"https://www.google.com/maps/search/hotels+near+Southbank+VIC/@-37.8104413,144.9612234,14z/data=!4m5!2m4!5m2!5m1!1s2023-03-01!6e3?hl=en",,111 Little Collins St,,FALSE,"https://www.google.com/maps/place/Stamford+Plaza+Melbourne/@-37.8135163,144.9699388,17z/data=!3m1!4b1!4m8!3m7!1s0x6ad642c848c1ee73:0xf3f8fb21fd4da725!5m2!4m1!1i2!8m2!3d-37.8135163!4d144.9699388?hl=en"
Brady Hotels Central Melbourne,Hotel,https://www.bradyhotels.com.au/central-melbourne/,+61 3 9650 9888,"30 Little La Trobe St, Melbourne VIC 3000, Australia",Melbourne,Victoria,AU,3000,-37.8091589,144.9626744,44,4.3,1237,677,384,36,105,35,Hotel,,,,,,,,,1.60E+18,FALSE,,,30 Little La Trobe St,FALSE,ChIJNS22KMtC1moRQDc1CceIORY,"5XR7+83 Melbourne, Victoria, Australia",,8/10/2022 2:07,"https://www.google.com/maps/search/hotels+near+CBD,+Melbourne+VIC/@-37.8144982,144.9433911,14z/data=!4m5!2m4!5m2!5m1!1s2023-03-01!6e3?hl=en",,30 Little La Trobe St,,FALSE,"https://www.google.com/maps/place/Brady+Hotels+Central+Melbourne/@-37.8091589,144.9626744,17z/data=!3m1!4b1!4m8!3m7!1s0x6ad642cb28b62d35:0x163988c709353740!5m2!4m1!1i2!8m2!3d-37.8091589!4d144.9626744?hl=en"
Pegasus Apart'Hotel,Hotel,http://www.pegasussuites.com.au/,+61 3 9284 2400,"206 A'Beckett St, Melbourne VIC 3000, Australia",Melbourne,Victoria,AU,3000,-37.8101492,144.9571351,18,4.2,1233,576,465,51,111,30,Hotel,Furnished apartment building,,,,,,,,1.26E+19,FALSE,,,206 A'Beckett St,FALSE,ChIJQRAo9TVd1moRXzwry2Y2cq4,"5XQ4+WV Melbourne, Victoria, Australia",,8/10/2022 2:51,"https://www.google.com/maps/search/hotels+near+Parkville+VIC/@-37.8105821,144.9612234,14z/data=!4m4!2m3!5m2!5m1!1s2023-03-01?hl=en",,206 A'Beckett St,,FALSE,"https://www.google.com/maps/place/Pegasus+Apart'Hotel/@-37.8101492,144.9571351,17z/data=!3m1!4b1!4m8!3m7!1s0x6ad65d35f5281041:0xae723666cb2b3c5f!5m2!4m1!1i2!8m2!3d-37.8101492!4d144.9571351?hl=en"
Melbourne Marriott Hotel,Hotel,https://www.marriott.com/hotels/travel/melmc-melbourne-marriott-hotel/?scid=bb1a189a-fec3-4d19-a255-54ba596febe2&y_source=1_MjkyMTQyMC03MTUtbG9jYXRpb24ud2Vic2l0ZQ%3D%3D,+61 3 9662 3900,"Corner Exhibition &, Lonsdale St, Melbourne VIC 3000, Australia",Melbourne,VIC,AU,3000,-37.809947,144.9694324,110,4.3,1198,642,386,32,103,35,Hotel,Meeting planning service,Wedding venue,,,,,,,3.18E+18,FALSE,,,"Corner Exhibition &, Lonsdale St",FALSE,ChIJxxd1K89C1moRdFmmNK5LFyw,"5XR9+2Q Melbourne, Victoria, Australia",,8/10/2022 2:44,"https://www.google.com/maps/search/hotels+near+Parkville+VIC/@-37.8105821,144.9612234,14z/data=!4m5!2m4!5m2!5m1!1s2023-03-01!6e3?hl=en",,"Corner Exhibition &, Lonsdale St",,FALSE,"https://www.google.com/maps/place/Melbourne+Marriott+Hotel/@-37.809947,144.9694324,17z/data=!3m1!4b1!4m9!3m8!1s0x6ad642cf2b7517c7:0x2c174bae34a65974!5m3!1s2023-03-01!4m1!1i2!8m2!3d-37.809947!4d144.9694324?hl=en"
Travelodge Hotel Melbourne Southbank,Hotel,https://www.travelodge.com.au/book-accommodation/melbourne/hotel-melbourne-southbank/?&utm_source=googleplaces&utm_medium=organic&utm_campaign=&utm_content=travelodge-melbourne-southbank,,"9 Riverside Quay, Southbank VIC 3006, Australia",Southbank,Victoria,AU,3006,-37.8212752,144.9653276,74,4.1,1136,429,459,36,164,48,Hotel,Event venue,Restaurant,,,,,,,1.20E+19,FALSE,,,9 Riverside Quay,FALSE,ChIJE2OwUgmRwCwR0o5jmQTwBKc,"5XH8+F4 Southbank, Victoria, Australia",,8/10/2022 2:03,"https://www.google.com/maps/search/hotels+near+CBD,+Melbourne+VIC/@-37.8144982,144.9433911,14z/data=!4m5!2m4!5m2!5m1!1s2023-03-01!6e3?hl=en",,9 Riverside Quay,,FALSE,"https://www.google.com/maps/place/Travelodge+Hotel+Melbourne+Southbank/@-37.8212752,144.9653276,17z/data=!3m1!4b1!4m9!3m8!1s0x2cc0910952b06313:0xa704f00499638ed2!5m3!1s2023-03-01!4m1!1i2!8m2!3d-37.8212752!4d144.9653276?hl=en"
DoubleTree by Hilton Hotel Melbourne - Flinders Street,Hotel,https://www.hilton.com/en/hotels/melfsdi-doubletree-melbourne-flinders-street/?SEO_id=GMB-APAC-DI-MELFSDI,+61 3 9654 6888,"270 Flinders St, Melbourne VIC 3000, Australia",Melbourne,Victoria,AU,3000,-37.8178819,144.9654538,23,4.3,1112,579,357,47,98,31,Hotel,Event venue,Meeting planning service,,,,,,,1.53E+19,FALSE,,,270 Flinders St,FALSE,ChIJH7lfCrRC1moR4otX7VVCr9Q,"5XJ8+R5 Melbourne, Victoria, Australia",$,8/10/2022 2:50,"https://www.google.com/maps/search/hotels+near+Southbank+VIC/@-37.8104413,144.9612234,14z/data=!4m5!2m4!5m2!5m1!1s2023-03-01!6e3?hl=en",,270 Flinders St,,FALSE,"https://www.google.com/maps/place/DoubleTree+by+Hilton+Hotel+Melbourne+-+Flinders+Street/@-37.8178819,144.9654538,17z/data=!3m1!4b1!4m8!3m7!1s0x6ad642b40a5fb91f:0xd4af4255ed578be2!5m2!4m1!1i2!8m2!3d-37.8178819!4d144.9654538?hl=en"
Four Points by Sheraton Melbourne Docklands,Hotel,https://www.marriott.com/en-us/hotels/melfp-four-points-by-sheraton-melbourne-docklands/overview/?scid=f2ae0541-1279-4f24-b197-a979c79310b0,+61 3 8578 0000,"443 Docklands Dr, Docklands VIC 3008, Australia",Docklands,Victoria,AU,3008,-37.815317,144.9385419,17,4.3,1108,611,344,49,71,33,Hotel,Meeting planning service,,,,,,,,6.20E+18,FALSE,,,443 Docklands Dr,FALSE,ChIJxYtyomdd1moRkol1RXBzCVY,"5WMQ+VC Docklands, Victoria, Australia",,8/10/2022 2:53,"https://www.google.com/maps/search/hotels+near+Port+Melbourne+VIC/@-37.8105117,144.9612234,14z/data=!4m4!2m3!5m2!5m1!1s2023-03-01?hl=en",,443 Docklands Dr,,FALSE,"https://www.google.com/maps/place/Four+Points+by+Sheraton+Melbourne+Docklands/@-37.815317,144.9385419,17z/data=!3m1!4b1!4m8!3m7!1s0x6ad65d67a2728bc5:0x5609737045758992!5m2!4m1!1i2!8m2!3d-37.815317!4d144.9385419?hl=en"
Oaks Melbourne on William Suites,Hotel,https://www.oakshotels.com/en/oaks-on-william?utm_description=GoogleMyBusiness&utm_campaign=GMBWilliam&utm_source=GoogleMyBusiness&utm_medium=GMBWilliam,+61 1300 554 275,"350 William St, Melbourne VIC 3000, Australia",Melbourne,Victoria,AU,3000,-37.8113063,144.9565716,43,4.2,1092,519,389,49,110,25,Hotel,Serviced accommodation,,,,,,,,7.20E+16,FALSE,,,350 William St,FALSE,ChIJTWD_GUpd1moRm6QB2CLL_wA,"5XQ4+FJ Melbourne, Victoria, Australia",,8/10/2022 2:08,"https://www.google.com/maps/search/hotels+near+CBD,+Melbourne+VIC/@-37.8144982,144.9433911,14z/data=!4m5!2m4!5m2!5m1!1s2023-03-01!6e3?hl=en",,350 William St,,FALSE,"https://www.google.com/maps/place/Oaks+Melbourne+on+William+Suites/@-37.8113063,144.9565716,17z/data=!3m1!4b1!4m8!3m7!1s0x6ad65d4a19ff604d:0xffcb22d801a49b!5m2!4m1!1i2!8m2!3d-37.8113063!4d144.9565716?hl=en"
Citadines on Bourke Melbourne,Serviced accommodation,https://www.discoverasr.com/en/citadines/australia/citadines-on-bourke-melbourne?utm_source=google&utm_medium=gmb&utm_campaign=HQ-google-gmb-alwayson-20210927-all-en-au-au-citadinesonbourkemelbourne-eme,+61 3 9039 8888,"131-135 Bourke St, Melbourne VIC 3000, Australia",Melbourne,Victoria,AU,3000,-37.8126724,144.9692461,51,4.3,1072,514,412,31,87,28,Serviced accommodation,,,,,,,,,1.59E+19,FALSE,,,131-135 Bourke St,FALSE,ChIJB8P4q8lC1moRjpCdiANdVtw,"5XP9+WM Melbourne, Victoria, Australia",,8/10/2022 2:06,"https://www.google.com/maps/search/hotels+near+CBD,+Melbourne+VIC/@-37.8144982,144.9433911,14z/data=!4m5!2m4!5m2!5m1!1s2023-03-01!6e3?hl=en",,131-135 Bourke St,,FALSE,"https://www.google.com/maps/place/Citadines+on+Bourke+Melbourne/@-37.8126724,144.9692461,17z/data=!3m1!4b1!4m8!3m7!1s0x6ad642c9abf8c307:0xdc565d03889d908e!5m2!4m1!1i2!8m2!3d-37.8126249!4d144.9692264?hl=en"
The Sebel Melbourne Docklands,Hotel,https://www.sebeldocklands.com.au/,+61 3 9641 7500,"18 Aquitania Way, Docklands VIC 3008, Australia",Docklands,Victoria,AU,3008,-37.8138051,144.9425242,3,4.2,1070,570,287,75,94,44,Hotel,Extended stay hotel,Serviced accommodation,,,,,,,2.80E+18,FALSE,,,18 Aquitania Way,FALSE,ChIJdz_PE0Nd1moRVY-Jv7eM4yY,"5WPV+F2 Docklands, Victoria, Australia",££,8/10/2022 2:56,"https://www.google.com/maps/search/hotels+near+Docklands+VIC/@-37.8144526,144.881204,13z/data=!3m1!4b1!4m4!2m3!5m2!5m1!1s2023-03-01?hl=en",,18 Aquitania Way,,FALSE,"https://www.google.com/maps/place/The+Sebel+Melbourne+Docklands/@-37.8138051,144.9425242,17z/data=!3m1!4b1!4m8!3m7!1s0x6ad65d4313cf3f77:0x26e38cb7bf898f55!5m2!4m1!1i2!8m2!3d-37.8138051!4d144.9425242?hl=en"
Exford Hotel,Sports bar,http://www.exfordhotel.com.au/,+61 3 9663 2697,"199 Russell St, Melbourne VIC 3000, Australia",Melbourne,Victoria,AU,3000,-37.811781,144.967444,91,4.1,1058,449,379,29,164,37,Sports bar,Hostel,Liquor store,Pub,,,,,,8.29E+18,FALSE,,,199 Russell St,FALSE,ChIJy8vXd8lC1moRXHCwhRF1HXM,"5XQ8+7X Melbourne, Victoria, Australia",,8/10/2022 2:45,"https://www.google.com/maps/search/hotels+near+Parkville+VIC/@-37.8105821,144.9612234,14z/data=!4m5!2m4!5m2!5m1!1s2023-03-01!6e3?hl=en",,199 Russell St,,FALSE,"https://www.google.com/maps/place/Exford+Hotel/@-37.811781,144.967444,17z/data=!3m1!4b1!4m9!3m8!1s0x6ad642c977d7cbcb:0x731d751185b0705c!5m3!1s2023-03-01!4m1!1i2!8m2!3d-37.811781!4d144.967444?hl=en"
Space Hotel,Hostel,https://www.spacehotel.com.au/,+61 3 9662 3888,"380 Russell St, Melbourne VIC 3000, Australia",Melbourne,Victoria,AU,3000,-37.807537,144.9660728,49,4.2,1016,520,311,40,107,38,Hostel,Hotel,,,,,,,,1.33E+19,FALSE,,,380 Russell St,FALSE,ChIJB3RdI8xC1moRLGDeMH9Js7g,"5XR8+XC Melbourne, Victoria, Australia",,8/10/2022 2:07,"https://www.google.com/maps/search/hotels+near+CBD,+Melbourne+VIC/@-37.8144982,144.9433911,14z/data=!4m5!2m4!5m2!5m1!1s2023-03-01!6e3?hl=en",,380 Russell St,,FALSE,"https://www.google.com/maps/place/Space+Hotel/@-37.807537,144.9660728,17z/data=!3m1!4b1!4m8!3m7!1s0x6ad642cc235d7407:0xb8b3497f30de602c!5m2!4m1!1i2!8m2!3d-37.807537!4d144.9660728?hl=en"
Sheraton Melbourne Hotel,Hotel,https://www.marriott.com/en-us/hotels/melsi-sheraton-melbourne-hotel/overview/?scid=f2ae0541-1279-4f24-b197-a979c79310b0,+61 3 9290 1000,"27 Little Collins St, Melbourne VIC 3000, Australia",Melbourne,Victoria,AU,3000,-37.8128985,144.9727786,95,4.2,974,558,249,65,77,25,Hotel,Meeting planning service,Wedding venue,,,,,,,7.94E+17,FALSE,,,27 Little Collins St,FALSE,ChIJrWF5JMZC1moRYW16XDWBBAs,"5XPF+R4 Melbourne, Victoria, Australia",$$,8/10/2022 2:01,"https://www.google.com/maps/search/hotels+near+CBD,+Melbourne+VIC/@-37.8144982,144.9433911,14z/data=!4m5!2m4!5m2!5m1!1s2023-03-01!6e3?hl=en",,27 Little Collins St,,FALSE,"https://www.google.com/maps/place/Sheraton+Melbourne+Hotel/@-37.8128985,144.9727786,17z/data=!3m1!4b1!4m9!3m8!1s0x6ad642c6247961ad:0xb0481355c7a6d61!5m3!1s2023-03-01!4m1!1i2!8m2!3d-37.8128985!4d144.9727786?hl=en"
The Savoy Hotel on Little Collins Melbourne,Hotel,https://savoyhotelmelbourne.com/?utm_source=googleplaces&utm_medium=organic&utm_campaign=googleplaces&utm_content=savoy-melbourne,+61 3 9622 8888,"630 Little Collins St, Melbourne VIC 3000, Australia",Melbourne,Victoria,AU,3000,-37.817728,144.9539335,89,4.2,960,483,307,24,117,29,Hotel,Conference center,Event venue,Function room facility,Restaurant,Wedding venue,,,,1.70E+19,FALSE,,,630 Little Collins St,FALSE,ChIJQTbROE5d1moR3mLmtFMXdus,"5XJ3+WH Melbourne, Victoria, Australia",$$,8/10/2022 2:44,"https://www.google.com/maps/search/hotels+near+Southbank+VIC/@-37.8104413,144.9612234,14z/data=!4m5!2m4!5m2!5m1!1s2023-03-01!6e3?hl=en",,630 Little Collins St,,FALSE,"https://www.google.com/maps/place/The+Savoy+Hotel+on+Little+Collins+Melbourne/@-37.817728,144.9539335,17z/data=!3m1!4b1!4m9!3m8!1s0x6ad65d4e38d13641:0xeb761753b4e662de!5m3!1s2023-03-01!4m1!1i2!8m2!3d-37.8178517!4d144.9539856?hl=en"
Pullman Melbourne on Swanston,Hotel,https://all.accor.com/hotel/3028/index.en.shtml?utm_campaign=seo+maps&utm_medium=seo+maps&utm_source=google+Maps&y_source=1_MTUzNjA4MjgtNzE1LWxvY2F0aW9uLndlYnNpdGU%3D,+61 3 9663 4711,"195 Swanston St, Melbourne VIC 3000, Australia",Melbourne,Victoria,AU,3000,-37.8131012,144.9650043,56,4,959,395,329,50,143,42,Hotel,,,,,,,,,1.87E+18,FALSE,,,195 Swanston St,FALSE,ChIJHQxSE8pC1moRdM3F9Sno6hk,"5XP8+Q2 Melbourne, Victoria, Australia",,8/10/2022 2:06,"https://www.google.com/maps/search/hotels+near+CBD,+Melbourne+VIC/@-37.8144982,144.9433911,14z/data=!4m5!2m4!5m2!5m1!1s2023-03-01!6e3?hl=en",,195 Swanston St,,FALSE,"https://www.google.com/maps/place/Pullman+Melbourne+on+Swanston/@-37.8131012,144.9650043,17z/data=!3m1!4b1!4m8!3m7!1s0x6ad642ca13520c1d:0x19eae829f5c5cd74!5m2!4m1!1i2!8m2!3d-37.8131012!4d144.9650043?hl=en"
Radisson on Flagstaff Gardens Melbourne,Hotel,https://www.radissonhotels.com/en-us/hotels/radisson-melbourne-flagstaff-gardens,+61 3 9322 8000,"380 William St, Melbourne VIC 3000, Australia",Melbourne,Victoria,AU,3000,-37.8103603,144.9560809,75,4.3,942,511,295,25,91,20,Hotel,,,,,,,,,5.59E+18,FALSE,,,380 William St,FALSE,ChIJY35yAUpd1moRN5PFkqkro00,"5XQ4+VC Melbourne, Victoria, Australia",$$,8/10/2022 2:46,"https://www.google.com/maps/search/hotels+near+Parkville+VIC/@-37.8105821,144.9612234,14z/data=!4m5!2m4!5m2!5m1!1s2023-03-01!6e3?hl=en",,380 William St,,FALSE,"https://www.google.com/maps/place/Radisson+on+Flagstaff+Gardens+Melbourne/@-37.8103603,144.9560809,17z/data=!3m1!4b1!4m8!3m7!1s0x6ad65d4a01727e63:0x4da32ba992c59337!5m2!4m1!1i2!8m2!3d-37.8103603!4d144.9560809?hl=en"
Wyndham Hotel Melbourne,Hotel,https://www.wyndhammelbourne.com.au/?CID=LC:HR::GGL:RIO:National:47584&iata=00093796,+61 3 8692 8900,"199 William St, Melbourne VIC 3000, Australia",Melbourne,Victoria,AU,3000,-37.8145689,144.9573572,10,4.3,933,524,272,43,72,22,Hotel,Inn,,,,,,,,3.64E+18,FALSE,Floor G · The William,,199 William St,FALSE,ChIJW230lktd1moRDkLSlSoMejI,"5XP4+5W Melbourne, Victoria, Australia",,8/10/2022 2:53,"https://www.google.com/maps/search/hotels+near+Port+Melbourne+VIC/@-37.8105117,144.9612234,14z/data=!4m4!2m3!5m2!5m1!1s2023-03-01?hl=en",,199 William St,,FALSE,"https://www.google.com/maps/place/Wyndham+Hotel+Melbourne/@-37.8145689,144.9573572,17z/data=!3m1!4b1!4m8!3m7!1s0x6ad65d4b96f46d5b:0x327a0c2a95d2420e!5m2!4m1!1i2!8m2!3d-37.8145689!4d144.9573572?hl=en"
View Melbourne,Hotel,https://viewhotels.com.au/melbourne,+61 3 9529 8888,"562 St Kilda Rd, Melbourne VIC 3004, Australia",Melbourne,Victoria,AU,3004,-37.8463433,144.9784634,72,4.2,927,431,324,34,110,28,Hotel,Beer garden,Cafe,Conference center,Restaurant,,,,,3.01E+18,FALSE,,,562 St Kilda Rd,FALSE,ChIJPYClWhdo1moRFlfbP6Emzik,"5X3H+F9 Melbourne, Victoria, Australia",$,8/10/2022 2:47,"https://www.google.com/maps/search/hotels+near+Port+Melbourne+VIC/@-37.8105117,144.9612234,14z/data=!4m5!2m4!5m2!5m1!1s2023-03-01!6e3?hl=en",,562 St Kilda Rd,,FALSE,"https://www.google.com/maps/place/View+Melbourne/@-37.8463433,144.9784634,17z/data=!3m1!4b1!4m8!3m7!1s0x6ad668175aa5803d:0x29ce26a13fdb5716!5m2!4m1!1i2!8m2!3d-37.8463329!4d144.9784592?hl=en"
The Olsen Melbourne - Art Series,Hotel,https://all.accor.com/hotel/B3V5/index.en.shtml?utm_campaign=seo+maps&utm_medium=seo+maps&utm_source=google+Maps&y_source=1_MTUzNjExNjQtNzE1LWxvY2F0aW9uLndlYnNpdGU%3D,+61 3 9040 1222,"637/641 Chapel St, South Yarra VIC 3141, Australia",South Yarra,Victoria,AU,3141,-37.8380001,144.9954769,4,4.3,876,498,242,45,61,30,Hotel,,,,,,,,,5.15E+18,FALSE,,,637/641 Chapel St,FALSE,ChIJESEEXoNC1moR2ulOfrrNc0c,"5X6W+Q5 South Yarra, Victoria, Australia",$$$$,8/10/2022 2:55,"https://www.google.com/maps/search/hotels+near+South+Yarra+VIC/@-37.8103515,144.908693,12z/data=!4m4!2m3!5m2!5m1!1s2023-03-01?hl=en",,637/641 Chapel St,,FALSE,"https://www.google.com/maps/place/The+Olsen+Melbourne+-+Art+Series/@-37.8380001,144.9954769,17z/data=!3m1!4b1!4m9!3m8!1s0x6ad642835e042111:0x4773cdba7e4ee9da!5m3!1s2023-03-01!4m1!1i2!8m2!3d-37.8380001!4d144.9954769?hl=en"
Jasper Hotel,Hotel,https://www.jasperhotel.com.au/?utm_source=local-directories&utm_medium=organic&utm_campaign=travelclick-localconnect,+61 3 8327 2777,"489 Elizabeth St, Melbourne VIC 3000, Australia",Melbourne,Victoria,AU,3000,-37.8074918,144.9597157,37,4.1,801,339,288,30,108,36,Hotel,Business to business service,,,,,,,,1.34E+19,FALSE,,,489 Elizabeth St,FALSE,ChIJtfLNojRd1moRnc-GsT7B0Lk,"5XV5+2V Melbourne, Victoria, Australia",,8/10/2022 2:50,"https://www.google.com/maps/search/hotels+near+Parkville+VIC/@-37.8105821,144.9612234,14z/data=!4m5!2m4!5m2!5m1!1s2023-03-01!6e3?hl=en",,489 Elizabeth St,,FALSE,"https://www.google.com/maps/place/Jasper+Hotel/@-37.8074918,144.9597157,17z/data=!3m1!4b1!4m8!3m7!1s0x6ad65d34a2cdf2b5:0xb9d0c13eb186cf9d!5m2!4m1!1i2!8m2!3d-37.8073963!4d144.9598233?hl=en"
Adina Apartment Hotel Melbourne,Hotel,https://www.adinahotels.com/en/apartments/melbourne/?utm_source=googleplaces&utm_medium=organic&utm_campaign=googleplaces&utm_content=adina-melbourne,+61 3 9934 0000,"189 Queen St, Melbourne VIC 3000, Australia",Melbourne,Victoria,AU,3000,-37.8142469,144.9599771,78,4.2,711,335,257,25,69,25,Hotel,Event venue,Holiday apartment rental,Serviced accommodation,,,,,,1.05E+19,FALSE,,,189 Queen St,FALSE,ChIJDRm8Jktd1moRXhrBVZUoQZE,"5XP5+8X Melbourne, Victoria, Australia",$$,8/10/2022 2:03,"https://www.google.com/maps/search/hotels+near+CBD,+Melbourne+VIC/@-37.8144982,144.9433911,14z/data=!4m5!2m4!5m2!5m1!1s2023-03-01!6e3?hl=en",,189 Queen St,,FALSE,"https://www.google.com/maps/place/Adina+Apartment+Hotel+Melbourne/@-37.8142469,144.9599771,17z/data=!3m1!4b1!4m9!3m8!1s0x6ad65d4b26bc190d:0x9141289555c11a5e!5m3!1s2023-03-01!4m1!1i2!8m2!3d-37.8142469!4d144.9599771?hl=en"
The Jazz Corner Hotel,Hotel,https://www.jazzcornerhotel.com/,+61 3 9454 9000,"352 William St, Melbourne VIC 3000, Australia",Melbourne,Victoria,AU,3000,-37.8111926,144.9564417,72,4.3,660,365,194,27,58,16,Hotel,,,,,,,,,1.39E+19,FALSE,,,352 William St,FALSE,ChIJ1yk8F0pd1moRqSG33sxL-sA,"5XQ4+GH Melbourne, Victoria, Australia",,8/10/2022 2:04,"https://www.google.com/maps/search/hotels+near+CBD,+Melbourne+VIC/@-37.8144982,144.9433911,14z/data=!4m5!2m4!5m2!5m1!1s2023-03-01!6e3?hl=en",,352 William St,,FALSE,"https://www.google.com/maps/place/The+Jazz+Corner+Hotel/@-37.8111926,144.9564417,17z/data=!3m1!4b1!4m8!3m7!1s0x6ad65d4a173c29d7:0xc0fa4bccdeb721a9!5m2!4m1!1i2!8m2!3d-37.8111926!4d144.9564417?hl=en"
Miami Hotel Melbourne,Hotel,https://www.themiami.com.au/,+61 3 9321 2444,"13 Hawke St, West Melbourne VIC 3003, Australia",West Melbourne,Victoria,AU,3003,-37.8060026,144.9484743,23,4.2,645,303,225,20,71,26,Hotel,,,,,,,,,1.78E+19,FALSE,,,13 Hawke St,FALSE,ChIJWdDeRThd1moRZcPzAOk4-fY,"5WVX+H9 West Melbourne, Victoria, Australia",,8/10/2022 2:50,"https://www.google.com/maps/search/hotels+near+Docklands+VIC/@-37.8144422,144.881204,13z/data=!4m5!2m4!5m2!5m1!1s2023-03-01!6e3?hl=en",,13 Hawke St,,FALSE,"https://www.google.com/maps/place/Miami+Hotel+Melbourne/@-37.8060026,144.9484743,17z/data=!3m1!4b1!4m8!3m7!1s0x6ad65d3845ded059:0xf6f938e900f3c365!5m2!4m1!1i2!8m2!3d-37.8060026!4d144.9484743?hl=en"
Mantra on Little Bourke Melbourne,Hotel,https://all.accor.com/hotel/B3N9/index.en.shtml?utm_campaign=seo+maps&utm_medium=seo+maps&utm_source=google+Maps&y_source=1_MTUzNjA4ODAtNzE1LWxvY2F0aW9uLndlYnNpdGU%3D,+61 3 9607 3000,"471 Little Bourke St, Melbourne VIC 3000, Australia",Melbourne,Victoria,AU,3000,-37.814443,144.958996,113,4.3,641,306,247,20,51,17,Hotel,,,,,,,,,1.59E+19,FALSE,,,471 Little Bourke St,FALSE,ChIJATDSDUtd1moRE6SF53kO7tw,"5XP5+6H Melbourne, Victoria, Australia",,8/10/2022 2:44,"https://www.google.com/maps/search/hotels+near+Southbank+VIC/@-37.8104413,144.9612234,14z/data=!4m5!2m4!5m2!5m1!1s2023-03-01!6e3?hl=en",,471 Little Bourke St,,FALSE,"https://www.google.com/maps/place/Mantra+on+Little+Bourke+Melbourne/@-37.814443,144.958996,17z/data=!3m1!4b1!4m9!3m8!1s0x6ad65d4b0dd23001:0xdcee0e79e785a413!5m3!1s2023-03-01!4m1!1i2!8m2!3d-37.814443!4d144.958996?hl=en"
Mantra Southbank Melbourne,Hotel,https://all.accor.com/hotel/B3Q9/index.en.shtml?utm_campaign=seo+maps&utm_medium=seo+maps&utm_source=google+Maps&y_source=1_MTUzNjA3ODMtNzE1LWxvY2F0aW9uLndlYnNpdGU%3D,+61 3 8696 7222,"31 City Rd, Southbank VIC 3006, Australia",Southbank,Victoria,AU,3006,-37.8216792,144.9669244,35,4.1,610,237,262,20,75,16,Hotel,,,,,,,,,7.02E+18,FALSE,,,31 City Rd,FALSE,ChIJFxlgiLFC1moRk6GHpl33cWE,"5XH8+8Q Southbank, Victoria, Australia",,8/10/2022 2:49,"https://www.google.com/maps/search/hotels+near+Southbank+VIC/@-37.8104413,144.9612234,14z/data=!4m5!2m4!5m2!5m1!1s2023-03-01!6e3?hl=en",,31 City Rd,,FALSE,"https://www.google.com/maps/place/Mantra+Southbank+Melbourne/@-37.8216792,144.9669244,17z/data=!3m1!4b1!4m8!3m7!1s0x6ad642b188601917:0x6171f75da687a193!5m2!4m1!1i2!8m2!3d-37.8216792!4d144.9669244?hl=en"
Melbourne Metro YHA,Hostel,https://www.yha.com.au/hostels/vic/melbourne-hostels/melbourne-metro-hostel/?utm_source=google-business&utm_medium=righthandside&utm_campaign=listing,+61 3 9329 8599,"78 Howard St, North Melbourne VIC 3051, Australia",North Melbourne,Victoria,AU,3051,-37.803079,144.9544576,48,4,586,236,194,39,90,27,Hostel,Group accommodation,Hotel,Youth hostel,,,,,,5.31E+17,FALSE,,,78 Howard St,FALSE,ChIJf6YxczFd1moR_RcU78tBXwc,"5XW3+QQ North Melbourne, Victoria, Australia",,8/10/2022 2:49,"https://www.google.com/maps/search/hotels+near+Parkville+VIC/@-37.8105821,144.9612234,14z/data=!4m5!2m4!5m2!5m1!1s2023-03-01!6e3?hl=en",,78 Howard St,,FALSE,"https://www.google.com/maps/place/Melbourne+Metro+YHA/@-37.803079,144.9544576,17z/data=!3m1!4b1!4m8!3m7!1s0x6ad65d317331a67f:0x75f41cbef1417fd!5m2!4m1!1i2!8m2!3d-37.803079!4d144.9544576?hl=en"
Melbourne Central YHA,Hostel,https://www.yha.com.au/hostels/vic/melbourne-hostels/melbourne-central-hostel/?utm_source=google-business&utm_medium=righthandside&utm_campaign=listing,+61 3 9621 2523,"562 Flinders St, Melbourne VIC 3000, Australia",Melbourne,Victoria,AU,3000,-37.8206438,144.9556166,12,4.1,580,268,196,26,70,20,Hostel,Group accommodation,Youth hostel,,,,,,,1.55E+19,FALSE,,,562 Flinders St,FALSE,ChIJq8l3ilFd1moRkF-CPRg7K9c,"5XH4+P6 Melbourne, Victoria, Australia",,8/10/2022 2:53,"https://www.google.com/maps/search/hotels+near+Port+Melbourne+VIC/@-37.8105117,144.9612234,14z/data=!4m4!2m3!5m2!5m1!1s2023-03-01?hl=en",,562 Flinders St,,FALSE,"https://www.google.com/maps/place/Melbourne+Central+YHA/@-37.8206438,144.9556166,17z/data=!3m1!4b1!4m8!3m7!1s0x6ad65d518a77c9ab:0xd72b3b183d825f90!5m2!4m1!1i2!8m2!3d-37.8206438!4d144.9556166?hl=en"
The Como Melbourne - MGallery,Hotel,https://all.accor.com/hotel/8801/index.en.shtml?utm_campaign=seo+maps&utm_medium=seo+maps&utm_source=google+Maps&y_source=1_MTUzNjI2NTktNzE1LWxvY2F0aW9uLndlYnNpdGU%3D,+61 3 9825 2222,"630 Chapel St, South Yarra VIC 3141, Australia",South Yarra,Victoria,AU,3141,-37.8390099,144.9962073,8,4.4,579,348,155,20,40,16,Hotel,,,,,,,,,1.41E+19,FALSE,Floor G · The Como Centre,,630 Chapel St,FALSE,ChIJWea4EoNC1moRsjHHhwMREcQ,"5X6W+9F South Yarra, Victoria, Australia",,8/10/2022 2:56,"https://www.google.com/maps/search/hotels+near+South+Yarra+VIC/@-37.8103515,144.908693,12z/data=!4m4!2m3!5m2!5m1!1s2023-03-01?hl=en",,630 Chapel St,,FALSE,"https://www.google.com/maps/place/The+Como+Melbourne+-+MGallery/@-37.8390099,144.9962073,17z/data=!3m1!4b1!4m9!3m8!1s0x6ad6428312b8e659:0xc411110387c731b2!5m3!1s2023-03-01!4m1!1i2!8m2!3d-37.8390099!4d144.9962073?hl=en"
Naughtons Hotel,Pub,http://naughtonshotel.com.au/,+61 3 9347 2255,"43 Royal Parade, Parkville VIC 3052, Australia",Parkville,Victoria,AU,3052,-37.7955778,144.9576444,106,4.4,561,320,191,9,36,5,Pub,Bar,Hotel,,,,,,,2.95E+18,FALSE,,,43 Royal Parade,FALSE,ChIJKcJ5mCtd1moREh7qP6BA6Cg,"6X35+Q3 Parkville, Victoria, Australia",,8/10/2022 1:59,"https://www.google.com/maps/search/hotels+near+CBD,+Melbourne+VIC/@-37.8144982,144.9433911,14z/data=!4m5!2m4!5m2!5m1!1s2023-03-01!6e3?hl=en",,43 Royal Parade,,FALSE,"https://www.google.com/maps/place/Naughtons+Hotel/@-37.7955778,144.9576444,17z/data=!3m1!4b1!4m9!3m8!1s0x6ad65d2b9879c229:0x28e840a03fea1e12!5m3!1s2023-03-01!4m1!1i2!8m2!3d-37.7956096!4d144.9576195?hl=en"
Clarion Suites Gateway,Hotel,https://www.choicehotels.com/victoria/melbourne/clarion-hotels/au603?mc=llgoxxap,+61 3 9296 8888,"1 William St, Melbourne VIC 3000, Australia",Melbourne,Victoria,AU,3000,-37.8194702,144.9595028,94,4.3,529,270,169,14,66,10,Hotel,,,,,,,,,1.47E+19,FALSE,,,1 William St,FALSE,ChIJ6_b4FU1d1moRNRyHj71o6ss,"5XJ5+6R Melbourne, Victoria, Australia",,8/10/2022 2:01,"https://www.google.com/maps/search/hotels+near+CBD,+Melbourne+VIC/@-37.8144982,144.9433911,14z/data=!4m5!2m4!5m2!5m1!1s2023-03-01!6e3?hl=en",,1 William St,,FALSE,"https://www.google.com/maps/place/Clarion+Suites+Gateway/@-37.8194702,144.9595028,17z/data=!3m1!4b1!4m9!3m8!1s0x6ad65d4d15f8f6eb:0xcbea68bd8f871c35!5m3!1s2023-03-01!4m1!1i2!8m2!3d-37.8194702!4d144.9595028?hl=en"
Quay West Suites,Hotel,,+61 3 9693 6000,"26 Southgate Ave, Southbank VIC 3006, Australia",Southbank,Victoria,AU,3006,-37.8204221,144.9670934,114,4.5,523,346,134,11,21,11,Hotel,,,,,,,,,1.16E+19,FALSE,,,26 Southgate Ave,FALSE,ChIJJXFPe7FC1moRs5x7KKkbbqA,"5XH8+RR Southbank, Victoria, Australia",$,8/10/2022 1:58,"https://www.google.com/maps/search/hotels+near+CBD,+Melbourne+VIC/@-37.8144982,144.9433911,14z/data=!4m5!2m4!5m2!5m1!1s2023-03-01!6e3?hl=en",,26 Southgate Ave,,FALSE,"https://www.google.com/maps/place/Quay+West+Suites/@-37.8204221,144.9670934,17z/data=!3m1!4b1!4m9!3m8!1s0x6ad642b17b4f7125:0xa06e1ba9287b9cb3!5m3!1s2023-03-01!4m1!1i2!8m2!3d-37.8204221!4d144.9670934?hl=en"
Adina Apartment Hotel Melbourne Northbank,Hotel,https://www.adinahotels.com/en/apartments/melbourne-northbank/?utm_source=googleplaces&utm_medium=organic&utm_campaign=googleplaces&utm_content=adina-melbourne-northbank,+61 3 9246 0000,"550 Flinders St, Melbourne VIC 3000, Australia",Melbourne,Victoria,AU,3000,-37.8204643,144.9559926,68,4.2,495,245,167,12,54,17,Hotel,Event venue,Restaurant,Serviced accommodation,,,,,,1.24E+18,FALSE,,,550 Flinders St,FALSE,ChIJBb0EHFJd1moRrXAxsiU3MRE,"5XH4+R9 Melbourne, Victoria, Australia",,8/10/2022 2:04,"https://www.google.com/maps/search/hotels+near+CBD,+Melbourne+VIC/@-37.8144982,144.9433911,14z/data=!4m5!2m4!5m2!5m1!1s2023-03-01!6e3?hl=en",,550 Flinders St,,FALSE,"https://www.google.com/maps/place/Adina+Apartment+Hotel+Melbourne+Northbank/@-37.8204643,144.9559926,17z/data=!3m1!4b1!4m8!3m7!1s0x6ad65d521c04bd05:0x11313725b23170ad!5m2!4m1!1i2!8m2!3d-37.8206088!4d144.9560131?hl=en"
Oaks Melbourne Southbank Suites,Hotel,https://www.oakshotels.com/en/oaks-southbank?utm_description=GoogleMyBusiness&utm_campaign=GMBSouhtbank&utm_source=GoogleMyBusiness&utm_medium=GMBSouhtbank,+61 1300 696 186,"57-61 City Rd, Southbank VIC 3006, Australia",Southbank,Victoria,AU,3006,-37.8221269,144.9659824,119,4.1,485,233,150,19,61,22,Hotel,,,,,,,,,3.08E+18,FALSE,,,57-61 City Rd,FALSE,ChIJybEyIrJC1moRqF-U1gVNuyo,"5XH8+49 Southbank, Victoria, Australia",,8/10/2022 1:58,"https://www.google.com/maps/search/hotels+near+CBD,+Melbourne+VIC/@-37.8144982,144.9433911,14z/data=!4m5!2m4!5m2!5m1!1s2023-03-01!6e3?hl=en",,57-61 City Rd,,FALSE,"https://www.google.com/maps/place/Oaks+Melbourne+Southbank+Suites/@-37.8221269,144.9659824,17z/data=!3m1!4b1!4m9!3m8!1s0x6ad642b22232b1c9:0x2abb4d05d6945fa8!5m3!1s2023-03-01!4m1!1i2!8m2!3d-37.8221269!4d144.9659824?hl=en"
Adelphi Hotel,Hotel,https://adelphi.com.au/,+61 3 8080 8888,"187 Flinders Ln, Melbourne VIC 3000, Australia",Melbourne,Victoria,AU,3000,-37.816265,144.9683427,109,4.4,428,271,110,13,23,11,Hotel,Cafe,Cocktail bar,Outdoor swimming pool,Restaurant,Wine bar,,,,1.79E+19,FALSE,,,187 Flinders Ln,FALSE,ChIJt6dyXLZC1moRiFZMgwIP6fc,"5XM9+F8 Melbourne, Victoria, Australia",$$$,8/10/2022 1:59,"https://www.google.com/maps/search/hotels+near+CBD,+Melbourne+VIC/@-37.8144982,144.9433911,14z/data=!4m5!2m4!5m2!5m1!1s2023-03-01!6e3?hl=en",,187 Flinders Ln,,FALSE,"https://www.google.com/maps/place/Adelphi+Hotel/@-37.816265,144.9683427,17z/data=!3m1!4b1!4m9!3m8!1s0x6ad642b65c72a7b7:0xf7e90f02834c5688!5m3!1s2023-03-01!4m1!1i2!8m2!3d-37.816265!4d144.9683427?hl=en"
Seasons Botanic Gardens,Hotel,https://www.seasonsbotanicgardensmelbourne.com.au/,+61 3 9685 3000,"348 St Kilda Rd, Melbourne VIC 3004, Australia",Melbourne,Victoria,AU,3004,-37.8309509,144.9708639,62,4.1,422,194,137,24,53,14,Hotel,Conference center,Holiday apartment rental,Serviced accommodation,,,,,,9.31E+18,FALSE,,,348 St Kilda Rd,FALSE,ChIJL0WZkqhC1moRc3FohgTGJIE,"5X9C+J8 Melbourne, Victoria, Australia",,8/10/2022 2:47,"https://www.google.com/maps/search/hotels+near+Port+Melbourne+VIC/@-37.8105117,144.9612234,14z/data=!4m5!2m4!5m2!5m1!1s2023-03-01!6e3?hl=en",,348 St Kilda Rd,,FALSE,"https://www.google.com/maps/place/Seasons+Botanic+Gardens/@-37.8309509,144.9708639,17z/data=!3m1!4b1!4m8!3m7!1s0x6ad642a89299452f:0x8124c60486687173!5m2!4m1!1i2!8m2!3d-37.8309509!4d144.9708639?hl=en"
ibis Melbourne Central,Hotel,https://all.accor.com/hotel/A0E4/index.en.shtml?utm_campaign=seo+maps&utm_medium=seo+maps&utm_source=google+Maps&y_source=1_MTUzNjAzODQtNzE1LWxvY2F0aW9uLndlYnNpdGU%3D,+61 3 9929 8888,"399 Little Lonsdale St, Melbourne VIC 3000, Australia",Melbourne,Victoria,AU,3000,-37.812047,144.9602102,52,4.3,400,218,125,11,36,10,Hotel,,,,,,,,,1.37E+19,FALSE,,,399 Little Lonsdale St,FALSE,ChIJrfYQukhd1moRnmofhxAr0L0,"5XQ6+53 Melbourne, Victoria, Australia",,8/10/2022 2:49,"https://www.google.com/maps/search/hotels+near+Parkville+VIC/@-37.8105821,144.9612234,14z/data=!4m5!2m4!5m2!5m1!1s2023-03-01!6e3?hl=en",,399 Little Lonsdale St,,FALSE,"https://www.google.com/maps/place/ibis+Melbourne+Central/@-37.812047,144.9602102,17z/data=!3m1!4b1!4m8!3m7!1s0x6ad65d48ba10f6ad:0xbdd02b10871f6a9e!5m2!4m1!1i2!8m2!3d-37.812047!4d144.9602102?hl=en"
Novotel Melbourne Central,Hotel,https://all.accor.com/hotel/A0B1/index.en.shtml?utm_campaign=seo+maps&utm_medium=seo+maps&utm_source=google+Maps&y_source=1_MTUzNjA2NzMtNzE1LWxvY2F0aW9uLndlYnNpdGU%3D,+61 3 9929 8888,"399 Little Lonsdale St, Melbourne VIC 3000, Australia",Melbourne,Victoria,AU,3000,-37.8119138,144.960071,45,4.3,400,236,93,24,30,17,Hotel,,,,,,,,,6.81E+18,FALSE,,,399 Little Lonsdale St,FALSE,ChIJC47so0pd1moRqNWtKSoydl4,"5XQ6+62 Melbourne, Victoria, Australia",,8/10/2022 2:07,"https://www.google.com/maps/search/hotels+near+CBD,+Melbourne+VIC/@-37.8144982,144.9433911,14z/data=!4m5!2m4!5m2!5m1!1s2023-03-01!6e3?hl=en",,399 Little Lonsdale St,,FALSE,"https://www.google.com/maps/place/Novotel+Melbourne+Central/@-37.8119138,144.960071,17z/data=!3m1!4b1!4m8!3m7!1s0x6ad65d4aa3ec8e0b:0x5e76322a29add5a8!5m2!4m1!1i2!8m2!3d-37.8119138!4d144.960071?hl=en"
The Best Western Plus Travel Inn Hotel,Hotel,http://www.thetravelinn.com.au/,+61 3 9347 7922,"225 Drummond St, Carlton VIC 3053, Australia",Carlton,Victoria,AU,3053,-37.8004361,144.9682137,1,4.1,399,160,155,12,60,12,Hotel,,,,,,,,,1.62E+19,FALSE,,,225 Drummond St,FALSE,ChIJ_7gEN9FC1moRMFOPsdtieeE,"5XX9+R7 Carlton, Victoria, Australia",,8/10/2022 2:53,"https://www.google.com/maps/search/hotels+near+Carlton+VIC/@-37.8032476,144.9500519,14z/data=!4m4!2m3!5m2!5m1!1s2023-03-01?hl=en",,225 Drummond St,,FALSE,"https://www.google.com/maps/place/The+Best+Western+Plus+Travel+Inn+Hotel/@-37.8004361,144.9682137,17z/data=!3m1!4b1!4m8!3m7!1s0x6ad642d13704b8ff:0xe17962dbb18f5330!5m2!4m1!1i2!8m2!3d-37.8004361!4d144.9682137?hl=en"
Ovolo Laneways,Hotel,https://ovolohotels.com/ovolo/laneways/?utm_source=local&utm_medium=organic&utm_campaign=gmb,+61 3 8692 0777,"19 Little Bourke St, Melbourne VIC 3000, Australia",Melbourne,Victoria,AU,3000,-37.8106278,144.9719278,24,4.6,381,288,64,6,15,8,Hotel,,,,,,,,,1.43E+19,FALSE,,,19 Little Bourke St,FALSE,ChIJZxG9Vs9C1moRjLOPjI7BnMY,"5XQC+PQ Melbourne, Victoria, Australia",,8/10/2022 2:10,"https://www.google.com/maps/search/hotels+near+CBD,+Melbourne+VIC/@-37.8144982,144.9433911,14z/data=!4m5!2m4!5m2!5m1!1s2023-03-01!6e3?hl=en",,19 Little Bourke St,,FALSE,"https://www.google.com/maps/place/Ovolo+Laneways/@-37.8106278,144.9719278,17z/data=!3m1!4b1!4m8!3m7!1s0x6ad642cf56bd1167:0xc69cc18e8c8fb38c!5m2!4m1!1i2!8m2!3d-37.8106428!4d144.9719349?hl=en"
Peppers Docklands Melbourne,Hotel,https://all.accor.com/hotel/B3T4/index.en.shtml?utm_campaign=seo+maps&utm_medium=seo+maps&utm_source=google+Maps&y_source=1_MTUzNjA3MDEtNzE1LWxvY2F0aW9uLndlYnNpdGU%3D,+61 3 9190 0000,"679 La Trobe St, Docklands VIC 3008, Australia",Docklands,Victoria,AU,3008,-37.8147446,144.947122,108,4.4,381,231,92,12,31,15,Hotel,,,,,,,,,1.16E+19,FALSE,,,679 La Trobe St,FALSE,ChIJZdrO4kRd1moRoKotgWN6dqA,"5WPW+4R Docklands, Victoria, Australia",,8/10/2022 1:59,"https://www.google.com/maps/search/hotels+near+CBD,+Melbourne+VIC/@-37.8144982,144.9433911,14z/data=!4m5!2m4!5m2!5m1!1s2023-03-01!6e3?hl=en",,679 La Trobe St,,FALSE,"https://www.google.com/maps/place/Peppers+Docklands+Melbourne/@-37.8147446,144.947122,17z/data=!3m1!4b1!4m9!3m8!1s0x6ad65d44e2ceda65:0xa0767a63812daaa0!5m3!1s2023-03-01!4m1!1i2!8m2!3d-37.8147446!4d144.947122?hl=en"
The Larwill Studio Melbourne - Art Series,Hotel,https://all.accor.com/hotel/B3V4/index.en.shtml?utm_campaign=seo+maps&utm_medium=seo+maps&utm_source=google+Maps&y_source=1_MTUzNjExNjMtNzE1LWxvY2F0aW9uLndlYnNpdGU%3D,+61 3 9032 9111,"48 Flemington Rd, Parkville VIC 3052, Australia",Parkville,Victoria,AU,3052,-37.7949609,144.9497837,115,4.5,378,244,103,7,17,7,Hotel,,,,,,,,,8.71E+18,FALSE,Floor 0 · The Royal Children's Hospital Melbourne,,48 Flemington Rd,FALSE,ChIJbc1U2yVd1moRDmmhT-cr1ng,"6W4X+2W Parkville, Victoria, Australia",,8/10/2022 1:58,"https://www.google.com/maps/search/hotels+near+CBD,+Melbourne+VIC/@-37.8144982,144.9433911,14z/data=!4m5!2m4!5m2!5m1!1s2023-03-01!6e3?hl=en",,48 Flemington Rd,,FALSE,"https://www.google.com/maps/place/The+Larwill+Studio+Melbourne+-+Art+Series/@-37.7949609,144.9497837,17z/data=!3m1!4b1!4m9!3m8!1s0x6ad65d25db54cd6d:0x78d62be74fa1690e!5m3!1s2023-03-01!4m1!1i2!8m2!3d-37.7949609!4d144.9497837?hl=en"
Hotel Claremont Guesthouse,Guest house,http://www.hotelclaremont.com/,+61 3 9826 8000,"189 Toorak Rd, South Yarra VIC 3141, Australia",South Yarra,Victoria,AU,3141,-37.8390202,144.9933788,98,4,340,140,112,22,48,18,Guest house,Hostel,Hotel,,,,,,,1.07E+19,FALSE,,,189 Toorak Rd,FALSE,ChIJoZcp2pxC1moRm8bJqb3-CpQ,"5X6V+99 South Yarra, Victoria, Australia",,8/10/2022 3:00,"https://www.google.com/maps/search/hotels+near+East+Melbourne+VIC/@-37.8108637,144.9612234,14z/data=!4m5!2m4!5m2!5m1!1s2023-03-01!6e3?hl=en",,189 Toorak Rd,,FALSE,"https://www.google.com/maps/place/Hotel+Claremont+Guesthouse/@-37.8390202,144.9933788,17z/data=!3m1!4b1!4m8!3m7!1s0x6ad6429cda2997a1:0x940afebda9c9c69b!5m2!4m1!1i2!8m2!3d-37.8390202!4d144.9933788?hl=en"
Mantra 100 Exhibition Melbourne,Hotel,https://all.accor.com/hotel/B3K0/index.en.shtml?utm_campaign=seo+maps&utm_medium=seo+maps&utm_source=google+Maps&y_source=1_MTUzNjA0MzEtNzE1LWxvY2F0aW9uLndlYnNpdGU%3D,+61 3 9631 4444,"100 Exhibition St, Melbourne VIC 3000, Australia",Melbourne,Victoria,AU,3000,-37.8133342,144.9715543,83,4,339,125,125,17,58,14,Hotel,,,,,,,,,3.70E+18,FALSE,,,100 Exhibition St,FALSE,ChIJ-5VHZMhC1moRlnm0UxgkWTM,"5XPC+MJ Melbourne, Victoria, Australia",,8/10/2022 2:45,"https://www.google.com/maps/search/hotels+near+Southbank+VIC/@-37.8104413,144.9612234,14z/data=!4m5!2m4!5m2!5m1!1s2023-03-01!6e3?hl=en",,100 Exhibition St,,FALSE,"https://www.google.com/maps/place/Mantra+100+Exhibition+Melbourne/@-37.8133342,144.9715543,17z/data=!3m1!4b1!4m9!3m8!1s0x6ad642c8644795fb:0x3359241853b47996!5m3!1s2023-03-01!4m1!1i2!8m2!3d-37.8133342!4d144.9715543?hl=en"
WRAP on Southbank,Serviced accommodation,https://www.oakshotels.com/en/wrap-on-southbank?utm_description=GoogleMyBusiness&utm_campaign=GMBWrapSouthbank&utm_source=GoogleMyBusiness&utm_medium=GMBWrapSouthbank,+61 1300 726 615,"133-139 City Rd, Southbank VIC 3006, Australia",Southbank,Victoria,AU,3006,-37.8234839,144.9636118,36,4.1,315,171,68,27,33,16,Serviced accommodation,,,,,,,,,1.69E+19,FALSE,,,133-139 City Rd,FALSE,ChIJT-2hDq1C1moRJMFVM8AF3uo,"5XG7+JC Southbank, Victoria, Australia",$$,8/10/2022 2:49,"https://www.google.com/maps/search/hotels+near+Southbank+VIC/@-37.8104413,144.9612234,14z/data=!4m5!2m4!5m2!5m1!1s2023-03-01!6e3?hl=en",,133-139 City Rd,,FALSE,"https://www.google.com/maps/place/WRAP+on+Southbank/@-37.8234839,144.9636118,17z/data=!3m1!4b1!4m8!3m7!1s0x6ad642ad0ea1ed4f:0xeade05c03355c124!5m2!4m1!1i2!8m2!3d-37.8234839!4d144.9636118?hl=en"
Adina Apartment Hotel Melbourne on Flinders,Serviced accommodation,https://www.adinahotels.com/en/apartments/melbourne-on-flinders/?utm_source=googleplaces&utm_medium=organic&utm_campaign=googleplaces&utm_content=adina-melbourne-on-flinders,+61 3 8663 0000,"88 Flinders St, Melbourne VIC 3000, Australia",Melbourne,Victoria,AU,3000,-37.8159431,144.9716812,85,4.2,301,153,91,21,30,6,Serviced accommodation,Holiday apartment rental,Hotel,,,,,,,4.40E+18,FALSE,,,88 Flinders St,FALSE,ChIJXYpH-rdC1moRjrLADKtxDD0,"5XMC+JM Melbourne, Victoria, Australia",,8/10/2022 2:02,"https://www.google.com/maps/search/hotels+near+CBD,+Melbourne+VIC/@-37.8144982,144.9433911,14z/data=!4m5!2m4!5m2!5m1!1s2023-03-01!6e3?hl=en",,88 Flinders St,,FALSE,"https://www.google.com/maps/place/Adina+Apartment+Hotel+Melbourne+on+Flinders/@-37.8159431,144.9716812,17z/data=!3m1!4b1!4m9!3m8!1s0x6ad642b7fa478a5d:0x3d0c71ab0cc0b28e!5m3!1s2023-03-01!4m1!1i2!8m2!3d-37.8159431!4d144.9716812?hl=en"
HOTEL NO,Hotel,https://hotelno.melbourne/,+61 1300 146 567,"388 Flinders Ln, Melbourne VIC 3000, Australia",Melbourne,Victoria,AU,3000,-37.8179861,144.9610528,73,4.5,276,209,32,12,17,6,Hotel,Group accommodation,,,,,,,,5.46E+18,FALSE,,,388 Flinders Ln,FALSE,ChIJ83IGzUxd1moRLvASTVfwwEs,"5XJ6+RC Melbourne, Victoria, Australia",,8/10/2022 2:45,"https://www.google.com/maps/search/hotels+near+Southbank+VIC/@-37.8104413,144.9612234,14z/data=!4m5!2m4!5m2!5m1!1s2023-03-01!6e3?hl=en",,388 Flinders Ln,,FALSE,"https://www.google.com/maps/place/HOTEL+NO/@-37.8179861,144.9610528,17z/data=!3m1!4b1!4m9!3m8!1s0x6ad65d4ccd0672f3:0x4bc0f0574d12f02e!5m3!1s2023-03-01!4m1!1i2!8m2!3d-37.8179861!4d144.9610528?hl=en"
Alto Hotel on Bourke,Hotel,https://www.altohotel.com.au/,+61 3 8608 5500,"636 Bourke St, Melbourne VIC 3000, Australia",Melbourne,Victoria,AU,3000,-37.8164338,144.9547794,62,4.4,271,152,89,4,22,4,Hotel,,,,,,,,,1.27E+19,FALSE,,,636 Bourke St,FALSE,ChIJTQIxiU5d1moRF-bDSx7f57A,"5XM3+CW Melbourne, Victoria, Australia",$$,8/10/2022 2:05,"https://www.google.com/maps/search/hotels+near+CBD,+Melbourne+VIC/@-37.8144982,144.9433911,14z/data=!4m5!2m4!5m2!5m1!1s2023-03-01!6e3?hl=en",,636 Bourke St,,FALSE,"https://www.google.com/maps/place/Alto+Hotel+on+Bourke/@-37.8164338,144.9547794,17z/data=!3m1!4b1!4m8!3m7!1s0x6ad65d4e8931024d:0xb0e7df1e4bc3e617!5m2!4m1!1i2!8m2!3d-37.8164338!4d144.9547794?hl=en"
Quest Southbank,Hotel,https://www.questapartments.com.au/properties/vic/southbank/quest-southbank/overview?utm_source=GoogleMyBusiness&utm_medium=organic&utm_campaign=southbank,+61 3 9694 5600,"14 Kavanagh St, Southbank VIC 3006, Australia",Southbank,Victoria,AU,3006,-37.8226813,144.966357,27,4.1,253,102,107,10,27,7,Hotel,Extended stay hotel,,,,,,,,8.91E+18,FALSE,Floor 0 · Century Tower,,14 Kavanagh St,FALSE,ChIJuTSVBrJC1moRcyEkgN9ItXs,"5XG8+WG Southbank, Victoria, Australia",,8/10/2022 2:50,"https://www.google.com/maps/search/hotels+near+Southbank+VIC/@-37.8104413,144.9612234,14z/data=!4m5!2m4!5m2!5m1!1s2023-03-01!6e3?hl=en",,14 Kavanagh St,,FALSE,"https://www.google.com/maps/place/Quest+Southbank/@-37.8226813,144.966357,17z/data=!3m1!4b1!4m8!3m7!1s0x6ad642b2069534b9:0x7bb548df80242173!5m2!4m1!1i2!8m2!3d-37.8226813!4d144.966357?hl=en"
Park Regis Griffin Suites,Hotel,https://www.parkregisgriffinsuites.com.au/?utm_source=google&utm_medium=organic&utm_campaign=local-listing,+61 3 8530 1800,"604 St Kilda Rd, Melbourne VIC 3004, Australia",Melbourne,Victoria,AU,3004,-37.8511518,144.9803894,33,4.1,244,104,84,9,38,9,Hotel,,,,,,,,,1.44E+18,FALSE,,,604 St Kilda Rd,FALSE,ChIJU4QMfxZo1moRFuegtD3-BRQ,"4XXJ+G5 Melbourne, Victoria, Australia",,8/10/2022 2:56,"https://www.google.com/maps/search/hotels+near+South+Yarra+VIC/@-37.8103515,144.908693,12z/data=!4m5!2m4!5m2!5m1!1s2023-03-01!6e3?hl=en",,604 St Kilda Rd,,FALSE,"https://www.google.com/maps/place/Park+Regis+Griffin+Suites/@-37.8511518,144.9803894,17z/data=!3m1!4b1!4m9!3m8!1s0x6ad668167f0c8453:0x1405fe3db4a0e716!5m3!1s2023-03-01!4m1!1i2!8m2!3d-37.8511362!4d144.9804561?hl=en"
"Quest NewQuay, Docklands",Hotel,https://www.questapartments.com.au/properties/vic/docklands/quest-newquay/overview?utm_source=GoogleMyBusiness&utm_medium=organic&utm_campaign=questnewquay,+61 3 9070 8000,"26 Caravel Ln, Docklands VIC 3008, Australia",Docklands,Victoria,AU,3008,-37.8140377,144.9407744,118,4.4,236,160,43,14,14,5,Hotel,,,,,,,,,1.39E+19,FALSE,,,26 Caravel Ln,FALSE,ChIJGyg0lMZd1moRVm_0w5Cc28A,"5WPR+98 Docklands, Victoria, Australia",,8/10/2022 1:58,"https://www.google.com/maps/search/hotels+near+CBD,+Melbourne+VIC/@-37.8144982,144.9433911,14z/data=!4m5!2m4!5m2!5m1!1s2023-03-01!6e3?hl=en",,26 Caravel Ln,,FALSE,"https://www.google.com/maps/place/Quest+NewQuay,+Docklands/@-37.8140377,144.9407744,17z/data=!3m1!4b1!4m9!3m8!1s0x6ad65dc69434281b:0xc0db9c90c3f46f56!5m3!1s2023-03-01!4m1!1i2!8m2!3d-37.8140377!4d144.9407744?hl=en"
YEHS Melbourne Hotel CBD,Hotel,https://www.melbournehotelcbd.com.au/,+61 3 9672 0000,"600 Little Bourke St, Melbourne VIC 3000, Australia",Melbourne,Victoria,AU,3000,-37.8154724,144.9547888,43,4.1,226,145,24,32,17,8,Hotel,,,,,,,,,2.11E+17,FALSE,,,600 Little Bourke St,FALSE,ChIJq6r6vk5d1moRXeN4Ch4p7QI,"5XM3+RW Melbourne, Victoria, Australia",,8/10/2022 2:48,"https://www.google.com/maps/search/hotels+near+Port+Melbourne+VIC/@-37.8105117,144.9612234,14z/data=!4m5!2m4!5m2!5m1!1s2023-03-01!6e3?hl=en",,600 Little Bourke St,,FALSE,"https://www.google.com/maps/place/YEHS+Melbourne+Hotel+CBD/@-37.8154724,144.9547888,17z/data=!3m1!4b1!4m8!3m7!1s0x6ad65d4ebefaaaab:0x2ed291e0a78e35d!5m2!4m1!1i2!8m2!3d-37.8154724!4d144.9547888?hl=en"
Hilton Melbourne Little Queen Street,Hotel,https://www.hilton.com/en/hotels/melamhi-hilton-melbourne-little-queen-street/?SEO_id=GMB-APAC-HI-MELAMHI,+61 3 9116 8888,"18 Little Queen St, Melbourne VIC 3000, Australia",Melbourne,Victoria,AU,3000,-37.8147638,144.9595096,76,4.3,222,149,29,15,18,11,Hotel,Event venue,,,,,,,,5.31E+18,FALSE,,,18 Little Queen St,FALSE,ChIJW3Tj5exd1moRi1YJgr_hu0k,"5XP5+3R Melbourne, Victoria, Australia",,8/10/2022 2:45,"https://www.google.com/maps/search/hotels+near+Southbank+VIC/@-37.8104413,144.9612234,14z/data=!4m5!2m4!5m2!5m1!1s2023-03-01!6e3?hl=en",,18 Little Queen St,,FALSE,"https://www.google.com/maps/place/Hilton+Melbourne+Little+Queen+Street/@-37.8147638,144.9595096,17z/data=!3m1!4b1!4m9!3m8!1s0x6ad65dece5e3745b:0x49bbe1bf8209568b!5m3!1s2023-03-01!4m1!1i2!8m2!3d-37.8147638!4d144.9595096?hl=en"
Quest Flemington Central,Hotel,https://www.questapartments.com.au/properties/vic/flemington/quest-flemington-central/overview/,+61 3 8595 8880,"1 Ascot Vale Rd, Flemington VIC 3031, Australia",Flemington,Victoria,AU,3031,-37.786812,144.921337,38,4.2,216,127,51,17,16,5,Hotel,Serviced accommodation,,,,,,,,1.39E+19,FALSE,,,1 Ascot Vale Rd,FALSE,ChIJVThpYAZd1moR8arLgwiYfME,"6W7C+7G Flemington, Victoria, Australia",,8/10/2022 2:48,"https://www.google.com/maps/search/hotels+near+Docklands+VIC/@-37.8144422,144.881204,13z/data=!4m5!2m4!5m2!5m1!1s2023-03-01!6e3?hl=en",,1 Ascot Vale Rd,,FALSE,"https://www.google.com/maps/place/Quest+Flemington+Central/@-37.786812,144.921337,17z/data=!3m1!4b1!4m8!3m7!1s0x6ad65d0660693855:0xc17c980883cbaaf1!5m2!4m1!1i2!8m2!3d-37.786812!4d144.921337?hl=en"
Ink Hotel Melbourne Southbank,Hotel,https://inkhotels.com/melbourne-southbank/,+61 3 9115 7000,"167 City Rd, Southbank VIC 3006, Australia",Southbank,Victoria,AU,3006,-37.8243459,144.9624645,18,4.4,193,135,29,11,12,6,Hotel,,,,,,,,,1.21E+19,FALSE,,,167 City Rd,FALSE,ChIJmbvv3axC1moRD-VAB0kYsKc,"5XG6+7X Southbank, Victoria, Australia",,8/10/2022 2:53,"https://www.google.com/maps/search/hotels+near+Port+Melbourne+VIC/@-37.8105117,144.9612234,14z/data=!4m4!2m3!5m2!5m1!1s2023-03-01?hl=en",,167 City Rd,,FALSE,"https://www.google.com/maps/place/Ink+Hotel+Melbourne+Southbank/@-37.8243459,144.9624645,17z/data=!3m1!4b1!4m8!3m7!1s0x6ad642acddefbb99:0xa7b018490740e50f!5m2!4m1!1i2!8m2!3d-37.8243459!4d144.9624645?hl=en"
Melbourne Marriott Hotel Docklands,Hotel,https://www.marriott.com/en-us/hotels/meldl-melbourne-marriott-hotel-docklands/overview/?scid=f2ae0541-1279-4f24-b197-a979c79310b0,+61 3 8638 6000,"15 Waterfront Way, Docklands VIC 3008, Australia",Docklands,Victoria,AU,3008,-37.8136885,144.9392881,64,4.2,190,128,23,19,6,14,Hotel,Meeting planning service,,,,,,,,1.83E+19,FALSE,Floor 0 · The District Docklands,,15 Waterfront Way,FALSE,ChIJ5U45UxBd1moR8vQTvM_Clf4,"5WPQ+GP Docklands, Victoria, Australia",,8/10/2022 2:47,"https://www.google.com/maps/search/hotels+near+Port+Melbourne+VIC/@-37.8105117,144.9612234,14z/data=!4m5!2m4!5m2!5m1!1s2023-03-01!6e3?hl=en",,15 Waterfront Way,,FALSE,"https://www.google.com/maps/place/Melbourne+Marriott+Hotel+Docklands/@-37.8136885,144.9392881,17z/data=!3m1!4b1!4m8!3m7!1s0x6ad65d1053394ee5:0xfe95c2cfbc13f4f2!5m2!4m1!1i2!8m2!3d-37.8136885!4d144.9392881?hl=en"
Quest on Dorcas,Hotel,https://www.questapartments.com.au/properties/vic/south-melbourne/quest-on-dorcas/overview?utm_source=GoogleMyBusiness&utm_medium=organic&utm_campaign=questondorcas,+61 3 9698 1500,"8 Dorcas St, Southbank VIC 3006, Australia",Southbank,Victoria,AU,3006,-37.830053,144.970198,29,4.4,181,101,58,5,15,2,Hotel,Extended stay hotel,Serviced accommodation,,,,,,,1.38E+19,FALSE,,,8 Dorcas St,FALSE,ChIJi8_zwqhC1moRWSHx898vLsA,"5X9C+X3 Southbank, Victoria, Australia",,8/10/2022 2:49,"https://www.google.com/maps/search/hotels+near+Southbank+VIC/@-37.8104413,144.9612234,14z/data=!4m5!2m4!5m2!5m1!1s2023-03-01!6e3?hl=en",,8 Dorcas St,,FALSE,"https://www.google.com/maps/place/Quest+on+Dorcas/@-37.830053,144.970198,17z/data=!3m1!4b1!4m8!3m7!1s0x6ad642a8c2f3cf8b:0xc02e2fdff3f12159!5m2!4m1!1i2!8m2!3d-37.8300463!4d144.9701919?hl=en"
Winston Apartments,Serviced accommodation,http://www.winstonapartments.com.au/,+61 433 377 770,"568 Collins St, Melbourne VIC 3000, Australia",Melbourne,Victoria,AU,3000,-37.8183726,144.9555337,70,4,181,81,59,15,17,9,Serviced accommodation,,,,,,,,,1.76E+18,FALSE,,,568 Collins St,FALSE,ChIJUSH-CE5d1moRkiEEXRC0Xhg,"5XJ4+M6 Melbourne, Victoria, Australia",,8/10/2022 2:45,"https://www.google.com/maps/search/hotels+near+Southbank+VIC/@-37.8104413,144.9612234,14z/data=!4m5!2m4!5m2!5m1!1s2023-03-01!6e3?hl=en",,568 Collins St,,FALSE,"https://www.google.com/maps/place/Winston+Apartments/@-37.8183726,144.9555337,17z/data=!3m1!4b1!4m9!3m8!1s0x6ad65d4e08fe2151:0x185eb4105d042192!5m3!1s2023-03-01!4m1!1i2!8m2!3d-37.8183726!4d144.9555337?hl=en"
Brady Hotels Jones Lane,Hotel,https://www.bradyhotels.com.au/jones-lane/,+61 3 8637 7000,"111 Little Lonsdale St, Melbourne VIC 3000, Australia",Melbourne,Victoria,AU,3000,-37.8094509,144.9685923,10,4.4,177,115,40,6,12,4,Hotel,,,,,,,,,2.83E+18,FALSE,,,111 Little Lonsdale St,FALSE,ChIJ8_CU0M5C1moRHpZ_41fdTic,"5XR9+6C Melbourne, Victoria, Australia",,8/10/2022 2:12,"https://www.google.com/maps/search/hotels+near+CBD,+Melbourne+VIC/@-37.8144982,144.9433911,14z/data=!4m4!2m3!5m2!5m1!1s2023-03-01?hl=en",,111 Little Lonsdale St,,FALSE,"https://www.google.com/maps/place/Brady+Hotels+Jones+Lane/@-37.8094509,144.9685923,17z/data=!3m1!4b1!4m8!3m7!1s0x6ad642ced094f0f3:0x274edd57e37f961e!5m2!4m1!1i2!8m2!3d-37.8094509!4d144.9685923?hl=en"
Vibe Hotel Melbourne,Hotel,https://vibehotels.com/book-accommodation/melbourne/hotel-melbourne/?utm_source=googleplaces&utm_medium=organic&utm_campaign=googleplaces&utm_content=vibe-melbourne,+61 3 9958 9100,"1 Queen St, Melbourne VIC 3000, Australia",Melbourne,Victoria,AU,3000,-37.8188225,144.9620017,41,4.4,170,114,32,10,11,3,Hotel,,,,,,,,,1.39E+19,FALSE,,,1 Queen St,FALSE,ChIJa4mlJbNC1moRCR1EEnsuTME,"5XJ6+FR Melbourne, Victoria, Australia",,8/10/2022 2:47,"https://www.google.com/maps/search/hotels+near+Southbank+VIC/@-37.8104413,144.9612234,14z/data=!4m5!2m4!5m2!5m1!1s2023-03-01!6e3?hl=en",,1 Queen St,,FALSE,"https://www.google.com/maps/place/Vibe+Hotel+Melbourne/@-37.8188225,144.9620017,17z/data=!3m1!4b1!4m8!3m7!1s0x6ad642b325a5896b:0xc14c2e7b12441d09!5m2!4m1!1i2!8m2!3d-37.8188225!4d144.9620017?hl=en"
Docklands Private Collection - City Harbour,Serviced accommodation,https://www.docklandsprivatecollection.com.au/,+61 3 9642 4220,"7/198 Harbour Esplanade, Docklands VIC 3008, Australia",Docklands,Victoria,AU,3008,-37.8138556,144.9447022,33,4.4,165,111,35,12,6,1,Serviced accommodation,Apartment building,Extended stay hotel,Hotel,,,,,,1.02E+19,FALSE,,,7/198 Harbour Esplanade,FALSE,ChIJG8e9gkRd1moRSlWSX641wo0,"5WPV+FV Docklands, Victoria, Australia",,8/10/2022 2:50,"https://www.google.com/maps/search/hotels+near+Port+Melbourne+VIC/@-37.8105117,144.9612234,14z/data=!4m5!2m4!5m2!5m1!1s2023-03-01!6e3?hl=en",,7/198 Harbour Esplanade,,FALSE,"https://www.google.com/maps/place/Docklands+Private+Collection+-+City+Harbour/@-37.8138556,144.9447022,17z/data=!3m1!4b1!4m8!3m7!1s0x6ad65d4482bdc71b:0x8dc235ae5f92554a!5m2!4m1!1i2!8m2!3d-37.8138556!4d144.9447022?hl=en"
Amity Apartment Hotels,Hotel,http://www.amityhotels.com.au/,+61 3 8825 3700,"27-29 Claremont St, South Yarra VIC 3141, Australia",South Yarra,Victoria,AU,3141,-37.837103,144.9936774,13,4.4,164,100,42,3,15,4,Hotel,,,,,,,,,9.80E+18,FALSE,,,27-29 Claremont St,FALSE,ChIJY2aeqZxC1moR6M1MdH1s9Ic,"5X7V+5F South Yarra, Victoria, Australia",,8/10/2022 2:55,"https://www.google.com/maps/search/hotels+near+South+Yarra+VIC/@-37.8103515,144.908693,12z/data=!4m4!2m3!5m2!5m1!1s2023-03-01?hl=en",,27-29 Claremont St,,FALSE,"https://www.google.com/maps/place/Amity+Apartment+Hotels/@-37.837103,144.9936774,17z/data=!3m1!4b1!4m9!3m8!1s0x6ad6429ca99e6663:0x87f46c7d744ccde8!5m3!1s2023-03-01!4m1!1i2!8m2!3d-37.837103!4d144.9936774?hl=en"
Avani Melbourne Central Residences,Hotel,https://www.avanihotels.com/central-melbourne-residences?utm_source=GoogleMyBusiness&utm_medium=GMB&utm_term=CentralMelbourne&utm_content=Home&utm_campaign=Google_GMB,+61 3 8803 3670,"60 A'Beckett St, Melbourne VIC 3000, Australia",Melbourne,Victoria,AU,3000,-37.8088802,144.9614851,83,4.1,158,85,43,19,7,4,Hotel,Holiday apartment rental,Serviced accommodation,,,,,,,4.91E+18,FALSE,,,60 A'Beckett St,FALSE,ChIJNf_lM8tC1moR1sfDaDGBLUQ,"5XR6+CH Melbourne, Victoria, Australia",,8/10/2022 2:02,"https://www.google.com/maps/search/hotels+near+CBD,+Melbourne+VIC/@-37.8144982,144.9433911,14z/data=!4m5!2m4!5m2!5m1!1s2023-03-01!6e3?hl=en",,60 A'Beckett St,,FALSE,"https://www.google.com/maps/place/Avani+Melbourne+Central+Residences/@-37.8088802,144.9614851,17z/data=!3m1!4b1!4m9!3m8!1s0x6ad642cb33e5ff35:0x442d813168c3c7d6!5m3!1s2023-03-01!4m1!1i2!8m2!3d-37.8089287!4d144.9615573?hl=en"
"Holiday Inn Express Melbourne Southbank, an IHG Hotel",Hotel,https://www.ihg.com/holidayinnexpress/hotels/us/en/melbourne/melms/hoteldetail?cm_mmc=GoogleMaps-_-EX-_-AU-_-MELMS,+61 3 7505 5444,"35/47 City Rd, Southbank VIC 3006, Australia",Southbank,Victoria,AU,3006,-37.8219612,144.9664341,4,4.1,152,86,35,13,11,7,Hotel,Conference center,,,,,,,,1.52E+19,FALSE,,,35/47 City Rd,FALSE,ChIJJ3SJILJC1moRAaCmVloJgtM,"5XH8+6H Southbank, Victoria, Australia",,8/10/2022 2:51,"https://www.google.com/maps/search/hotels+near+Southbank+VIC/@-37.8104413,144.9612234,14z/data=!4m4!2m3!5m2!5m1!1s2023-03-01?hl=en",,35/47 City Rd,,FALSE,"https://www.google.com/maps/place/Holiday+Inn+Express+Melbourne+Southbank,+an+IHG+Hotel/@-37.8219612,144.9664341,17z/data=!3m1!4b1!4m8!3m7!1s0x6ad642b220897427:0xd382095a56a6a001!5m2!4m1!1i2!8m2!3d-37.8219612!4d144.9664341?hl=en"
Carlton Lygon Lodge,Hotel,http://www.lygonlodge.com.au/,+61 468 890 055,"1/220 Lygon St, Carlton VIC 3053, Australia",Carlton,Victoria,AU,3053,-37.801868,144.967,3,4.1,150,79,39,10,17,5,Hotel,,,,,,,,,1.23E+19,FALSE,,,1/220 Lygon St,FALSE,ChIJgW3YfdFC1moRzimqkJdrI6s,"5XX8+7Q Carlton, Victoria, Australia",,8/10/2022 2:53,"https://www.google.com/maps/search/hotels+near+Carlton+VIC/@-37.8032476,144.9500519,14z/data=!4m4!2m3!5m2!5m1!1s2023-03-01?hl=en",,1/220 Lygon St,,FALSE,"https://www.google.com/maps/place/Carlton+Lygon+Lodge/@-37.801868,144.967,17z/data=!3m1!4b1!4m8!3m7!1s0x6ad642d17dd86d81:0xab236b9790aa29ce!5m2!4m1!1i2!8m2!3d-37.801868!4d144.967?hl=en"
RNR Serviced Apartments,Serviced accommodation,http://www.rnrmelbourne.com.au/,+61 3 8354 9029,"139 Chetwynd St, North Melbourne VIC 3051, Australia",North Melbourne,Victoria,AU,3051,-37.8023931,144.952279,105,4.1,142,75,35,13,14,5,Serviced accommodation,Hotel,Motel,Self-catering accommodation,,,,,,1.40E+19,FALSE,,,139 Chetwynd St,FALSE,ChIJkUNv_DBd1moRd8F373U-xMI,"5XX2+2W North Melbourne, Victoria, Australia",,8/10/2022 2:36,"https://www.google.com/maps/search/hotels+near+Docklands+VIC/@-37.8144422,144.881204,13z/data=!4m5!2m4!5m2!5m1!1s2023-03-01!6e3?hl=en",,139 Chetwynd St,,FALSE,"https://www.google.com/maps/place/RNR+Serviced+Apartments/@-37.8023931,144.952279,17z/data=!3m1!4b1!4m9!3m8!1s0x6ad65d30fc6f4391:0xc2c43e75ef77c177!5m3!1s2023-03-01!4m1!1i2!8m2!3d-37.8023931!4d144.952279?hl=en"
Flinders Landing Apartments,Serviced accommodation,http://www.flinderslandingapartments.com.au/,+61 3 9652 3333,"161 Flinders Ln, Melbourne VIC 3000, Australia",Melbourne,Victoria,AU,3000,-37.8160038,144.969107,90,4.1,135,73,33,14,9,6,Serviced accommodation,,,,,,,,,1.66E+19,FALSE,,,161 Flinders Ln,FALSE,ChIJiVt4SbZC1moR4EKVAxEPNeY,"5XM9+HJ Melbourne, Victoria, Australia",,8/10/2022 2:44,"https://www.google.com/maps/search/hotels+near+Southbank+VIC/@-37.8104413,144.9612234,14z/data=!4m5!2m4!5m2!5m1!1s2023-03-01!6e3?hl=en",,161 Flinders Ln,,FALSE,"https://www.google.com/maps/place/Flinders+Landing+Apartments/@-37.8160038,144.969107,17z/data=!3m1!4b1!4m9!3m8!1s0x6ad642b649785b89:0xe6350f11039542e0!5m3!1s2023-03-01!4m1!1i2!8m2!3d-37.8160038!4d144.969107?hl=en"
Quincy Hotel Melbourne,Hotel,https://quincymelbourne.com/?utm_source=googleplaces&utm_medium=organic&utm_campaign=googleplaces&utm_content=quincy-melbourne,+61 3 9492 7400,"509 Flinders Ln, Melbourne VIC 3000, Australia",Melbourne,Victoria,AU,3000,-37.8195657,144.9569817,88,4.4,134,94,17,5,12,6,Hotel,,,,,,,,,5.80E+17,FALSE,,,509 Flinders Ln,FALSE,ChIJNeqfjU1d1moR-DH-1Um7DAg,"5XJ4+5Q Melbourne, Victoria, Australia",,8/10/2022 2:02,"https://www.google.com/maps/search/hotels+near+CBD,+Melbourne+VIC/@-37.8144982,144.9433911,14z/data=!4m5!2m4!5m2!5m1!1s2023-03-01!6e3?hl=en",,509 Flinders Ln,,FALSE,"https://www.google.com/maps/place/Quincy+Hotel+Melbourne/@-37.8195657,144.9569817,17z/data=!3m1!4b1!4m9!3m8!1s0x6ad65d4d8d9fea35:0x80cbb49d5fe31f8!5m3!1s2023-03-01!4m1!1i2!8m2!3d-37.8195657!4d144.9569817?hl=en"
SoYa Apartment Hotel,Hotel,http://www.soyahotel.com.au/,+61 3 9820 0377,"4 Darling St, South Yarra VIC 3141, Australia",South Yarra,Victoria,AU,3141,-37.8383296,144.9917737,2,4.5,128,95,20,5,5,3,Hotel,Extended stay hotel,,,,,,,,1.09E+19,FALSE,,,4 Darling St,FALSE,ChIJe8vT_pxC1moRaKIhUlT7QZc,"5X6R+MP South Yarra, Victoria, Australia",,8/10/2022 2:55,"https://www.google.com/maps/search/hotels+near+South+Yarra+VIC/@-37.8103515,144.908693,12z/data=!4m4!2m3!5m2!5m1!1s2023-03-01?hl=en",,4 Darling St,,FALSE,"https://www.google.com/maps/place/SoYa+Apartment+Hotel/@-37.8383296,144.9917737,17z/data=!3m1!4b1!4m9!3m8!1s0x6ad6429cfed3cb7b:0x9741fb545221a268!5m3!1s2023-03-01!4m1!1i2!8m2!3d-37.8383296!4d144.9917737?hl=en"
Zagame's House,Hotel,https://www.zagameshouse.com.au/,+61 3 9084 7777,"66 Lygon St, Carlton VIC 3053, Australia",Carlton,Victoria,AU,3053,-37.8050872,144.9664756,40,4.5,128,100,12,5,7,4,Hotel,,,,,,,,,7.52E+18,FALSE,,,66 Lygon St,FALSE,ChIJu9Xu0R5D1moRQUiTRWQYa2g,"5XV8+XH Carlton, Victoria, Australia",,8/10/2022 2:50,"https://www.google.com/maps/search/hotels+near+Parkville+VIC/@-37.8105821,144.9612234,14z/data=!4m5!2m4!5m2!5m1!1s2023-03-01!6e3?hl=en",,66 Lygon St,,FALSE,"https://www.google.com/maps/place/Zagame's+House/@-37.8050872,144.9664756,17z/data=!3m1!4b1!4m8!3m7!1s0x6ad6431ed1eed5bb:0x686b186445934841!5m2!4m1!1i2!8m2!3d-37.8051022!4d144.9663518?hl=en"
Quest Prahran,Serviced accommodation,https://www.questapartments.com.au/properties/vic/south-yarra/quest-prahran/overview?utm_source=GoogleMyBusiness&utm_medium=organic&utm_campaign=questprahran,+61 3 9823 8888,"9 Balmoral St, South Yarra VIC 3141, Australia",South Yarra,Victoria,AU,3141,-37.8458191,144.9909759,15,4.2,128,63,44,8,9,4,Serviced accommodation,Extended stay hotel,Hotel,,,,,,,1.76E+19,FALSE,,,9 Balmoral St,FALSE,ChIJURX8LiRo1moRIQQJzgahS_Q,"5X3R+M9 South Yarra, Victoria, Australia",,8/10/2022 2:55,"https://www.google.com/maps/search/hotels+near+South+Yarra+VIC/@-37.8103515,144.908693,12z/data=!4m4!2m3!5m2!5m1!1s2023-03-01?hl=en",,9 Balmoral St,,FALSE,"https://www.google.com/maps/place/Quest+Prahran/@-37.8458191,144.9909759,17z/data=!3m1!4b1!4m9!3m8!1s0x6ad668242efc1551:0xf44ba106ce090421!5m3!1s2023-03-01!4m1!1i2!8m2!3d-37.8458191!4d144.9909759?hl=en"
Shadow Play Melbourne by Peppers,Hotel,https://all.accor.com/hotel/B456/index.en.shtml?utm_campaign=seo+maps&utm_medium=seo+maps&utm_source=google+Maps&y_source=1_MTUzNjA3MTQtNzE1LWxvY2F0aW9uLndlYnNpdGU%3D,+61 3 7004 0400,"308 320 City Rd, Southbank VIC 3000, Australia",Southbank,Victoria,AU,3000,-37.827077,144.9580856,73,4.3,126,89,16,10,6,5,Hotel,,,,,,,,,9.29E+18,FALSE,,,308 320 City Rd,FALSE,ChIJAaaulWZd1moROg66Ogzl84A,"5XF5+56 Southbank, Victoria, Australia",,8/10/2022 2:39,"https://www.google.com/maps/search/hotels+near+Docklands+VIC/@-37.8144422,144.881204,13z/data=!4m5!2m4!5m2!5m1!1s2023-03-01!6e3?hl=en",,308 320 City Rd,,FALSE,"https://www.google.com/maps/place/Shadow+Play+Melbourne+by+Peppers/@-37.827077,144.9580856,17z/data=!3m1!4b1!4m9!3m8!1s0x6ad65d6695aea601:0x80f3e50c3aba0e3a!5m3!1s2023-03-01!4m1!1i2!8m2!3d-37.827077!4d144.9580856?hl=en"
Birches Serviced Apartments,Indoor lodging,https://www.birches.com.au/,+61 3 9417 2344,"160 Simpson St, East Melbourne VIC 3002, Australia",East Melbourne,Victoria,AU,3002,-37.8105772,144.9890597,7,4,122,57,35,10,15,5,Indoor accommodation,Hotel,,,,,,,,5.40E+17,FALSE,,,160 Simpson St,FALSE,ChIJ98nc3uVC1moRjYVlCdmKfgc,"5XQQ+QJ East Melbourne, Victoria, Australia",,8/10/2022 3:03,"https://www.google.com/maps/search/hotels+near+East+Melbourne+VIC/@-37.8108637,144.9612234,14z/data=!4m4!2m3!5m2!5m1!1s2023-03-01?hl=en",,160 Simpson St,,FALSE,"https://www.google.com/maps/place/Birches+Serviced+Apartments/@-37.8105772,144.9890597,17z/data=!3m1!4b1!4m8!3m7!1s0x6ad642e5dedcc9f7:0x77e8ad90965858d!5m2!4m1!1i2!8m2!3d-37.8105778!4d144.9890555?hl=en"
Next Hotel Melbourne,Hotel,https://nexthotelmelbourne.com/,+61 3 9118 3333,"103 Little Collins St, Melbourne VIC 3000, Australia",Melbourne,Victoria,AU,3000,-37.8134213,144.9703466,52,4.6,119,94,12,6,5,2,Hotel,,,,,,,,,1.55E+19,FALSE,,,103 Little Collins St,FALSE,ChIJk6Y4LAZD1moRwkwi_c1ZxNY,"5XPC+J4 Melbourne, Victoria, Australia",,8/10/2022 2:06,"https://www.google.com/maps/search/hotels+near+CBD,+Melbourne+VIC/@-37.8144982,144.9433911,14z/data=!4m5!2m4!5m2!5m1!1s2023-03-01!6e3?hl=en",,103 Little Collins St,,FALSE,"https://www.google.com/maps/place/Next+Hotel+Melbourne/@-37.8134213,144.9703466,17z/data=!3m1!4b1!4m8!3m7!1s0x6ad643062c38a693:0xd6c459cdfd224cc2!5m2!4m1!1i2!8m2!3d-37.8134213!4d144.9703466?hl=en"
Turnkey Accommodation,Serviced accommodation,http://www.turnkeyaccommodation.com.au/,+61 3 8615 7400,"33 Blackwood St, North Melbourne VIC 3051, Australia",North Melbourne,Victoria,AU,3051,-37.8006602,144.9555829,10,4.8,115,101,12,1,0,1,Serviced accommodation,,,,,,,,,1.43E+19,FALSE,Floor 0 · Body & Health Creation,,33 Blackwood St,FALSE,ChIJ9YHW-zFd1moR3LKWJuARR8Y,"5XX4+P6 North Melbourne, Victoria, Australia",,8/10/2022 2:52,"https://www.google.com/maps/search/hotels+near+Parkville+VIC/@-37.8105821,144.9612234,14z/data=!4m4!2m3!5m2!5m1!1s2023-03-01?hl=en",,33 Blackwood St,,FALSE,"https://www.google.com/maps/place/Turnkey+Accommodation/@-37.8006602,144.9555829,17z/data=!3m1!4b1!4m8!3m7!1s0x6ad65d31fbd681f5:0xc64711e02696b2dc!5m2!4m1!1i2!8m2!3d-37.8006602!4d144.9555829?hl=en"
ACD Apartments,Hotel,http://acdapartments.com.au/,+61 3 9670 6611,"7 Caravel Ln, Docklands VIC 3008, Australia",Docklands,Victoria,AU,3008,-37.8140176,144.9419352,8,4,102,52,24,14,9,3,Hotel,Serviced accommodation,,,,,,,,7.06E+18,FALSE,Boyd I Palladio I Sant'Elia,,7 Caravel Ln,FALSE,ChIJ0bV4Tl1d1moRXMOeh3HWCWI,"5WPR+9Q Docklands, Victoria, Australia",,8/10/2022 2:55,"https://www.google.com/maps/search/hotels+near+Docklands+VIC/@-37.8144526,144.881204,13z/data=!3m1!4b1!4m4!2m3!5m2!5m1!1s2023-03-01?hl=en",,7 Caravel Ln,,FALSE,"https://www.google.com/maps/place/ACD+Apartments/@-37.8140176,144.9419352,17z/data=!3m1!4b1!4m8!3m7!1s0x6ad65d5d4e78b5d1:0x6209d671879ec35c!5m2!4m1!1i2!8m2!3d-37.8140176!4d144.9419352?hl=en"
Mövenpick Hotel Melbourne On Spencer,Hotel,https://all.accor.com/hotel/B6L9/index.en.shtml?utm_campaign=seo+maps&utm_medium=seo+maps&utm_source=google+Maps&y_source=1_MjI3MDQ1ODMtNzE1LWxvY2F0aW9uLndlYnNpdGU%3D,+61 3 9600 5400,"160 Spencer St, Melbourne VIC 3000, Australia",Melbourne,Victoria,AU,3000,-37.8174381,144.9536554,26,4.4,101,67,21,5,6,2,Hotel,,,,,,,,,6.33E+18,FALSE,,,160 Spencer St,FALSE,ChIJK2mz_fZd1moR9Slhs0zl2lc,"5XM3+2F Melbourne, Victoria, Australia",,8/10/2022 2:10,"https://www.google.com/maps/search/hotels+near+CBD,+Melbourne+VIC/@-37.8144982,144.9433911,14z/data=!4m5!2m4!5m2!5m1!1s2023-03-01!6e3?hl=en",,160 Spencer St,,FALSE,"https://www.google.com/maps/place/M%C3%B6venpick+Hotel+Melbourne+On+Spencer/@-37.8174381,144.9536554,17z/data=!3m1!4b1!4m8!3m7!1s0x6ad65df6fdb3692b:0x57dae54cb36129f5!5m2!4m1!1i2!8m2!3d-37.8174381!4d144.9536554?hl=en"
Adina Apartment Hotel Melbourne Southbank,Hotel,https://www.adinahotels.com/en/apartments/melbourne-southbank/?utm_source=googleplaces&utm_medium=organic&utm_campaign=googleplaces&utm_content=adina-melbourne-southbank,+61 3 9491 6100,"99 City Rd, Southbank VIC 3006, Australia",Southbank,Victoria,AU,3006,-37.8225593,144.9647827,105,4.5,100,73,12,5,8,2,Hotel,,,,,,,,,1.69E+19,FALSE,,,99 City Rd,FALSE,ChIJ_6oZiK1C1moRnsfXcLUNoOo,"5XG7+XW Southbank, Victoria, Australia",,8/10/2022 1:59,"https://www.google.com/maps/search/hotels+near+CBD,+Melbourne+VIC/@-37.8144982,144.9433911,14z/data=!4m5!2m4!5m2!5m1!1s2023-03-01!6e3?hl=en",,99 City Rd,,FALSE,"https://www.google.com/maps/place/Adina+Apartment+Hotel+Melbourne+Southbank/@-37.8225593,144.9647827,17z/data=!3m1!4b1!4m9!3m8!1s0x6ad642ad8819aaff:0xeaa00db570d7c79e!5m3!1s2023-03-01!4m1!1i2!8m2!3d-37.8225593!4d144.9647827?hl=en"
